productId, sellerId, oriMinPrice, oriMaxPrice, promotionId, startTime, endTime, phase, productTitle, discount, totalStock, stock, orders, soldout, productImage, productDetailUrl, trace, pvid, totalTranpro3, productPositiveRate, productAverageStar, itemEvalTotalNum, icon, iconHeight, iconWidth, gmtCreate, 
32861966259, 206046185, US $16.99, US $16.99, 1904931418, 1615190400, 1615622399, 1, Cupshe Orange And White Colorblock One-piece Swimsuit Women Patchwork Belt Bow Monokini 2021 V-neck Beach Bathing Suit Swimwear, 22, 5070, 5043, 27, false, //ae01.alicdn.com/kf/Ha67745fd32854bdd84689f098f52dde31.jpg_350x350.jpg, //aliexpress.ru/item/32861966259.html?gps-id=5547572&scm=1007.19201.130907.0&scm_id=1007.19201.130907.0&scm-url=1007.19201.130907.0&pvid=a8600f2f-480d-4e99-8bea-548c80209efd, {"all":{"pvid":"a8600f2f-480d-4e99-8bea-548c80209efd","scm-cnt":"1007.19201.130907.0","gps-id":"5547572"},"pvid":"a8600f2f-480d-4e99-8bea-548c80209efd","scm-cnt":"1007.19201.130907.0","gps-id":"5547572"}, null, 956, 99.0, 5.0, 263, http://ae01.alicdn.com/kf/H3b304b4a81654b9bac5174e945361698e.png, 18, 43, 1522738800, 
32861966259, 206046185, US $16.99, US $16.99, 1904931418, 1615190400, 1615622399, 1, Cupshe Orange And White Colorblock One-piece Swimsuit Women Patchwork Belt Bow Monokini 2021 V-neck Beach Bathing Suit Swimwear, 22, 5070, 5043, 27, false, //ae01.alicdn.com/kf/Ha67745fd32854bdd84689f098f52dde31.jpg_350x350.jpg, //aliexpress.ru/item/32861966259.html?gps-id=5547572&scm=1007.19201.130907.0&scm_id=1007.19201.130907.0&scm-url=1007.19201.130907.0&pvid=c8890b1c-f048-4698-bc0f-b8a0609dd36d, {"all":{"pvid":"c8890b1c-f048-4698-bc0f-b8a0609dd36d","scm-cnt":"1007.19201.130907.0","gps-id":"5547572"},"pvid":"c8890b1c-f048-4698-bc0f-b8a0609dd36d","scm-cnt":"1007.19201.130907.0","gps-id":"5547572"}, null, 956, 99.0, 5.0, 263, http://ae01.alicdn.com/kf/H3b304b4a81654b9bac5174e945361698e.png, 18, 43, 1522738800, 
32861966259, 206046185, US $16.99, US $16.99, 1904931418, 1615190400, 1615622399, 1, Cupshe Orange And White Colorblock One-piece Swimsuit Women Patchwork Belt Bow Monokini 2021 V-neck Beach Bathing Suit Swimwear, 22, 5070, 5043, 27, false, //ae01.alicdn.com/kf/Ha67745fd32854bdd84689f098f52dde31.jpg_350x350.jpg, //aliexpress.ru/item/32861966259.html?gps-id=5547572&scm=1007.19201.130907.0&scm_id=1007.19201.130907.0&scm-url=1007.19201.130907.0&pvid=8c742c72-633e-44ff-bb23-ec3db5a2f73d, {"all":{"pvid":"8c742c72-633e-44ff-bb23-ec3db5a2f73d","scm-cnt":"1007.19201.130907.0","gps-id":"5547572"},"pvid":"8c742c72-633e-44ff-bb23-ec3db5a2f73d","scm-cnt":"1007.19201.130907.0","gps-id":"5547572"}, null, 956, 99.0, 5.0, 263, http://ae01.alicdn.com/kf/H3b304b4a81654b9bac5174e945361698e.png, 18, 43, 1522738800, 
32861966259, 206046185, US $16.99, US $16.99, 1904931418, 1615190400, 1615622399, 1, Cupshe Orange And White Colorblock One-piece Swimsuit Women Patchwork Belt Bow Monokini 2021 V-neck Beach Bathing Suit Swimwear, 22, 5070, 5043, 27, false, //ae01.alicdn.com/kf/Ha67745fd32854bdd84689f098f52dde31.jpg_350x350.jpg, //aliexpress.ru/item/32861966259.html?gps-id=5547572&scm=1007.19201.130907.0&scm_id=1007.19201.130907.0&scm-url=1007.19201.130907.0&pvid=58807a03-a402-4dd5-8859-ab3bb8a042e7, {"all":{"pvid":"58807a03-a402-4dd5-8859-ab3bb8a042e7","scm-cnt":"1007.19201.130907.0","gps-id":"5547572"},"pvid":"58807a03-a402-4dd5-8859-ab3bb8a042e7","scm-cnt":"1007.19201.130907.0","gps-id":"5547572"}, null, 956, 99.0, 5.0, 263, http://ae01.alicdn.com/kf/H3b304b4a81654b9bac5174e945361698e.png, 18, 43, 1522738800, 
32861966259, 206046185, US $16.99, US $16.99, 1904931418, 1615190400, 1615622399, 1, Cupshe Orange And White Colorblock One-piece Swimsuit Women Patchwork Belt Bow Monokini 2021 V-neck Beach Bathing Suit Swimwear, 22, 5070, 5043, 27, false, //ae01.alicdn.com/kf/Ha67745fd32854bdd84689f098f52dde31.jpg_350x350.jpg, //aliexpress.ru/item/32861966259.html?gps-id=5547572&scm=1007.19201.130907.0&scm_id=1007.19201.130907.0&scm-url=1007.19201.130907.0&pvid=0fa8c99d-ea19-4a13-be50-b804c838d12c, {"all":{"pvid":"0fa8c99d-ea19-4a13-be50-b804c838d12c","scm-cnt":"1007.19201.130907.0","gps-id":"5547572"},"pvid":"0fa8c99d-ea19-4a13-be50-b804c838d12c","scm-cnt":"1007.19201.130907.0","gps-id":"5547572"}, null, 956, 99.0, 5.0, 263, http://ae01.alicdn.com/kf/H3b304b4a81654b9bac5174e945361698e.png, 18, 43, 1522738800, 
32861966259, 206046185, US $16.99, US $16.99, 1904931418, 1615190400, 1615622399, 1, Cupshe Orange And White Colorblock One-piece Swimsuit Women Patchwork Belt Bow Monokini 2021 V-neck Beach Bathing Suit Swimwear, 22, 5070, 5043, 27, false, //ae01.alicdn.com/kf/Ha67745fd32854bdd84689f098f52dde31.jpg_350x350.jpg, //aliexpress.ru/item/32861966259.html?gps-id=5547572&scm=1007.19201.130907.0&scm_id=1007.19201.130907.0&scm-url=1007.19201.130907.0&pvid=fc8ddafe-7b05-4f34-9b42-18ee2db4c153, {"all":{"pvid":"fc8ddafe-7b05-4f34-9b42-18ee2db4c153","scm-cnt":"1007.19201.130907.0","gps-id":"5547572"},"pvid":"fc8ddafe-7b05-4f34-9b42-18ee2db4c153","scm-cnt":"1007.19201.130907.0","gps-id":"5547572"}, null, 956, 99.0, 5.0, 263, http://ae01.alicdn.com/kf/H3b304b4a81654b9bac5174e945361698e.png, 18, 43, 1522738800, 
32861966259, 206046185, US $16.99, US $16.99, 1904931418, 1615190400, 1615622399, 1, Cupshe Orange And White Colorblock One-piece Swimsuit Women Patchwork Belt Bow Monokini 2021 V-neck Beach Bathing Suit Swimwear, 22, 5070, 5043, 27, false, //ae01.alicdn.com/kf/Ha67745fd32854bdd84689f098f52dde31.jpg_350x350.jpg, //aliexpress.ru/item/32861966259.html?gps-id=5547572&scm=1007.19201.130907.0&scm_id=1007.19201.130907.0&scm-url=1007.19201.130907.0&pvid=ff52b9fd-7691-4e2b-ad95-44e0878a7430, {"all":{"pvid":"ff52b9fd-7691-4e2b-ad95-44e0878a7430","scm-cnt":"1007.19201.130907.0","gps-id":"5547572"},"pvid":"ff52b9fd-7691-4e2b-ad95-44e0878a7430","scm-cnt":"1007.19201.130907.0","gps-id":"5547572"}, null, 956, 99.0, 5.0, 263, http://ae01.alicdn.com/kf/H3b304b4a81654b9bac5174e945361698e.png, 18, 43, 1522738800, 
32861966259, 206046185, US $16.99, US $16.99, 1904931418, 1615190400, 1615622399, 1, Cupshe Orange And White Colorblock One-piece Swimsuit Women Patchwork Belt Bow Monokini 2021 V-neck Beach Bathing Suit Swimwear, 22, 0, 0, 0, true, //ae01.alicdn.com/kf/Ha67745fd32854bdd84689f098f52dde31.jpg_350x350.jpg, //aliexpress.ru/item/32861966259.html?gps-id=5547572&scm=1007.19201.130907.0&scm_id=1007.19201.130907.0&scm-url=1007.19201.130907.0&pvid=d3ee1171-b91f-4ade-83b9-616610fae671, {"all":{"pvid":"d3ee1171-b91f-4ade-83b9-616610fae671","scm-cnt":"1007.19201.130907.0","gps-id":"5547572"},"pvid":"d3ee1171-b91f-4ade-83b9-616610fae671","scm-cnt":"1007.19201.130907.0","gps-id":"5547572"}, null, 956, 99.0, 5.0, 263, http://ae01.alicdn.com/kf/H3b304b4a81654b9bac5174e945361698e.png, 18, 43, 1522738800, 
32861966259, 206046185, US $16.99, US $16.99, 1904931418, 1615190400, 1615622399, 1, Cupshe Orange And White Colorblock One-piece Swimsuit Women Patchwork Belt Bow Monokini 2021 V-neck Beach Bathing Suit Swimwear, 22, 5070, 5043, 27, false, //ae01.alicdn.com/kf/Ha67745fd32854bdd84689f098f52dde31.jpg_350x350.jpg, //aliexpress.ru/item/32861966259.html?gps-id=5547572&scm=1007.19201.130907.0&scm_id=1007.19201.130907.0&scm-url=1007.19201.130907.0&pvid=5b8eccf2-f223-4546-8d7b-75dcd9290770, {"all":{"pvid":"5b8eccf2-f223-4546-8d7b-75dcd9290770","scm-cnt":"1007.19201.130907.0","gps-id":"5547572"},"pvid":"5b8eccf2-f223-4546-8d7b-75dcd9290770","scm-cnt":"1007.19201.130907.0","gps-id":"5547572"}, null, 956, 99.0, 5.0, 263, http://ae01.alicdn.com/kf/H3b304b4a81654b9bac5174e945361698e.png, 18, 43, 1522738800, 
32861966259, 206046185, US $16.99, US $16.99, 1904931418, 1615190400, 1615622399, 1, Cupshe Orange And White Colorblock One-piece Swimsuit Women Patchwork Belt Bow Monokini 2021 V-neck Beach Bathing Suit Swimwear, 22, 5070, 5043, 27, false, //ae01.alicdn.com/kf/Ha67745fd32854bdd84689f098f52dde31.jpg_350x350.jpg, //aliexpress.ru/item/32861966259.html?gps-id=5547572&scm=1007.19201.130907.0&scm_id=1007.19201.130907.0&scm-url=1007.19201.130907.0&pvid=c324778d-b6aa-4ef6-a8df-a1602b2a5216, {"all":{"pvid":"c324778d-b6aa-4ef6-a8df-a1602b2a5216","scm-cnt":"1007.19201.130907.0","gps-id":"5547572"},"pvid":"c324778d-b6aa-4ef6-a8df-a1602b2a5216","scm-cnt":"1007.19201.130907.0","gps-id":"5547572"}, null, 956, 99.0, 5.0, 263, http://ae01.alicdn.com/kf/H3b304b4a81654b9bac5174e945361698e.png, 18, 43, 1522738800, 
32861966259, 206046185, US $16.99, US $16.99, 1904931418, 1615190400, 1615622399, 1, Cupshe Orange And White Colorblock One-piece Swimsuit Women Patchwork Belt Bow Monokini 2021 V-neck Beach Bathing Suit Swimwear, 22, 5070, 5043, 27, false, //ae01.alicdn.com/kf/Ha67745fd32854bdd84689f098f52dde31.jpg_350x350.jpg, //aliexpress.ru/item/32861966259.html?gps-id=5547572&scm=1007.19201.130907.0&scm_id=1007.19201.130907.0&scm-url=1007.19201.130907.0&pvid=3b7d98a9-1d00-43b2-8361-b3f91f5c3c29, {"all":{"pvid":"3b7d98a9-1d00-43b2-8361-b3f91f5c3c29","scm-cnt":"1007.19201.130907.0","gps-id":"5547572"},"pvid":"3b7d98a9-1d00-43b2-8361-b3f91f5c3c29","scm-cnt":"1007.19201.130907.0","gps-id":"5547572"}, null, 956, 99.0, 5.0, 263, http://ae01.alicdn.com/kf/H3b304b4a81654b9bac5174e945361698e.png, 18, 43, 1522738800, 
32861966259, 206046185, US $16.99, US $16.99, 1904931418, 1615190400, 1615622399, 1, Cupshe Orange And White Colorblock One-piece Swimsuit Women Patchwork Belt Bow Monokini 2021 V-neck Beach Bathing Suit Swimwear, 22, 5070, 5043, 27, false, //ae01.alicdn.com/kf/Ha67745fd32854bdd84689f098f52dde31.jpg_350x350.jpg, //aliexpress.ru/item/32861966259.html?gps-id=5547572&scm=1007.19201.130907.0&scm_id=1007.19201.130907.0&scm-url=1007.19201.130907.0&pvid=b6f2bfad-01e7-4f7f-8a85-3476dfe848e3, {"all":{"pvid":"b6f2bfad-01e7-4f7f-8a85-3476dfe848e3","scm-cnt":"1007.19201.130907.0","gps-id":"5547572"},"pvid":"b6f2bfad-01e7-4f7f-8a85-3476dfe848e3","scm-cnt":"1007.19201.130907.0","gps-id":"5547572"}, null, 956, 99.0, 5.0, 263, http://ae01.alicdn.com/kf/H3b304b4a81654b9bac5174e945361698e.png, 18, 43, 1522738800, 
32861966259, 206046185, US $16.99, US $16.99, 1904931418, 1615190400, 1615622399, 1, Cupshe Orange And White Colorblock One-piece Swimsuit Women Patchwork Belt Bow Monokini 2021 V-neck Beach Bathing Suit Swimwear, 22, 5070, 5043, 27, false, //ae01.alicdn.com/kf/Ha67745fd32854bdd84689f098f52dde31.jpg_350x350.jpg, //aliexpress.ru/item/32861966259.html?gps-id=5547572&scm=1007.19201.130907.0&scm_id=1007.19201.130907.0&scm-url=1007.19201.130907.0&pvid=b2a4911f-441b-4ddc-a17a-25bd6e6d2801, {"all":{"pvid":"b2a4911f-441b-4ddc-a17a-25bd6e6d2801","scm-cnt":"1007.19201.130907.0","gps-id":"5547572"},"pvid":"b2a4911f-441b-4ddc-a17a-25bd6e6d2801","scm-cnt":"1007.19201.130907.0","gps-id":"5547572"}, null, 956, 99.0, 5.0, 263, http://ae01.alicdn.com/kf/H3b304b4a81654b9bac5174e945361698e.png, 18, 43, 1522738800, 
32861966259, 206046185, US $16.99, US $16.99, 1904931418, 1615190400, 1615622399, 1, Cupshe Orange And White Colorblock One-piece Swimsuit Women Patchwork Belt Bow Monokini 2021 V-neck Beach Bathing Suit Swimwear, 22, 5070, 5043, 27, false, //ae01.alicdn.com/kf/Ha67745fd32854bdd84689f098f52dde31.jpg_350x350.jpg, //aliexpress.ru/item/32861966259.html?gps-id=5547572&scm=1007.19201.130907.0&scm_id=1007.19201.130907.0&scm-url=1007.19201.130907.0&pvid=885199d3-1926-4a73-8cc6-e5bab9fce3d1, {"all":{"pvid":"885199d3-1926-4a73-8cc6-e5bab9fce3d1","scm-cnt":"1007.19201.130907.0","gps-id":"5547572"},"pvid":"885199d3-1926-4a73-8cc6-e5bab9fce3d1","scm-cnt":"1007.19201.130907.0","gps-id":"5547572"}, null, 956, 99.0, 5.0, 263, http://ae01.alicdn.com/kf/H3b304b4a81654b9bac5174e945361698e.png, 18, 43, 1522738800, 
32861966259, 206046185, US $16.99, US $16.99, 1904931418, 1615190400, 1615622399, 1, Cupshe Orange And White Colorblock One-piece Swimsuit Women Patchwork Belt Bow Monokini 2021 V-neck Beach Bathing Suit Swimwear, 22, 5070, 5043, 27, false, //ae01.alicdn.com/kf/Ha67745fd32854bdd84689f098f52dde31.jpg_350x350.jpg, //aliexpress.ru/item/32861966259.html?gps-id=5547572&scm=1007.19201.130907.0&scm_id=1007.19201.130907.0&scm-url=1007.19201.130907.0&pvid=7fc0d5fe-49b3-425b-bc95-0bf736b79cc6, {"all":{"pvid":"7fc0d5fe-49b3-425b-bc95-0bf736b79cc6","scm-cnt":"1007.19201.130907.0","gps-id":"5547572"},"pvid":"7fc0d5fe-49b3-425b-bc95-0bf736b79cc6","scm-cnt":"1007.19201.130907.0","gps-id":"5547572"}, null, 956, 99.0, 5.0, 263, http://ae01.alicdn.com/kf/H3b304b4a81654b9bac5174e945361698e.png, 18, 43, 1522738800, 
32861966259, 206046185, US $16.99, US $16.99, 1904931418, 1615190400, 1615622399, 1, Cupshe Orange And White Colorblock One-piece Swimsuit Women Patchwork Belt Bow Monokini 2021 V-neck Beach Bathing Suit Swimwear, 22, 5070, 5043, 27, false, //ae01.alicdn.com/kf/Ha67745fd32854bdd84689f098f52dde31.jpg_350x350.jpg, //aliexpress.ru/item/32861966259.html?gps-id=5547572&scm=1007.19201.130907.0&scm_id=1007.19201.130907.0&scm-url=1007.19201.130907.0&pvid=5e7b82a4-7efe-483e-87e7-c47cccdb27ca, {"all":{"pvid":"5e7b82a4-7efe-483e-87e7-c47cccdb27ca","scm-cnt":"1007.19201.130907.0","gps-id":"5547572"},"pvid":"5e7b82a4-7efe-483e-87e7-c47cccdb27ca","scm-cnt":"1007.19201.130907.0","gps-id":"5547572"}, null, 956, 99.0, 5.0, 263, http://ae01.alicdn.com/kf/H3b304b4a81654b9bac5174e945361698e.png, 18, 43, 1522738800, 
32861966259, 206046185, US $16.99, US $16.99, 1904931418, 1615190400, 1615622399, 1, Cupshe Orange And White Colorblock One-piece Swimsuit Women Patchwork Belt Bow Monokini 2021 V-neck Beach Bathing Suit Swimwear, 22, 5070, 5043, 27, false, //ae01.alicdn.com/kf/Ha67745fd32854bdd84689f098f52dde31.jpg_350x350.jpg, //aliexpress.ru/item/32861966259.html?gps-id=5547572&scm=1007.19201.130907.0&scm_id=1007.19201.130907.0&scm-url=1007.19201.130907.0&pvid=e4b103be-c48b-4887-b140-d1b4346d3e02, {"all":{"pvid":"e4b103be-c48b-4887-b140-d1b4346d3e02","scm-cnt":"1007.19201.130907.0","gps-id":"5547572"},"pvid":"e4b103be-c48b-4887-b140-d1b4346d3e02","scm-cnt":"1007.19201.130907.0","gps-id":"5547572"}, null, 956, 99.0, 5.0, 263, http://ae01.alicdn.com/kf/H3b304b4a81654b9bac5174e945361698e.png, 18, 43, 1522738800, 
32861966259, 206046185, US $16.99, US $16.99, 1904931418, 1615190400, 1615622399, 1, Cupshe Orange And White Colorblock One-piece Swimsuit Women Patchwork Belt Bow Monokini 2021 V-neck Beach Bathing Suit Swimwear, 22, 5070, 5043, 27, false, //ae01.alicdn.com/kf/Ha67745fd32854bdd84689f098f52dde31.jpg_350x350.jpg, //aliexpress.ru/item/32861966259.html?gps-id=5547572&scm=1007.19201.130907.0&scm_id=1007.19201.130907.0&scm-url=1007.19201.130907.0&pvid=ef59d93b-e5ae-4e3a-a10a-632d54a73397, {"all":{"pvid":"ef59d93b-e5ae-4e3a-a10a-632d54a73397","scm-cnt":"1007.19201.130907.0","gps-id":"5547572"},"pvid":"ef59d93b-e5ae-4e3a-a10a-632d54a73397","scm-cnt":"1007.19201.130907.0","gps-id":"5547572"}, null, 956, 99.0, 5.0, 263, http://ae01.alicdn.com/kf/H3b304b4a81654b9bac5174e945361698e.png, 18, 43, 1522738800, 
32861966259, 206046185, US $16.99, US $16.99, 1904931418, 1615190400, 1615622399, 1, Cupshe Orange And White Colorblock One-piece Swimsuit Women Patchwork Belt Bow Monokini 2021 V-neck Beach Bathing Suit Swimwear, 22, 5070, 5043, 27, false, //ae01.alicdn.com/kf/Ha67745fd32854bdd84689f098f52dde31.jpg_350x350.jpg, //aliexpress.ru/item/32861966259.html?gps-id=5547572&scm=1007.19201.130907.0&scm_id=1007.19201.130907.0&scm-url=1007.19201.130907.0&pvid=1f092cb4-4d80-4449-872e-fdaf10fbb81d, {"all":{"pvid":"1f092cb4-4d80-4449-872e-fdaf10fbb81d","scm-cnt":"1007.19201.130907.0","gps-id":"5547572"},"pvid":"1f092cb4-4d80-4449-872e-fdaf10fbb81d","scm-cnt":"1007.19201.130907.0","gps-id":"5547572"}, null, 956, 99.0, 5.0, 263, http://ae01.alicdn.com/kf/H3b304b4a81654b9bac5174e945361698e.png, 18, 43, 1522738800, 
32861966259, 206046185, US $16.99, US $16.99, 1904931418, 1615190400, 1615622399, 1, Cupshe Orange And White Colorblock One-piece Swimsuit Women Patchwork Belt Bow Monokini 2021 V-neck Beach Bathing Suit Swimwear, 22, 5070, 5043, 27, false, //ae01.alicdn.com/kf/Ha67745fd32854bdd84689f098f52dde31.jpg_350x350.jpg, //aliexpress.ru/item/32861966259.html?gps-id=5547572&scm=1007.19201.130907.0&scm_id=1007.19201.130907.0&scm-url=1007.19201.130907.0&pvid=389bd142-fde9-465a-802e-cfaa01a76a19, {"all":{"pvid":"389bd142-fde9-465a-802e-cfaa01a76a19","scm-cnt":"1007.19201.130907.0","gps-id":"5547572"},"pvid":"389bd142-fde9-465a-802e-cfaa01a76a19","scm-cnt":"1007.19201.130907.0","gps-id":"5547572"}, null, 956, 99.0, 5.0, 263, http://ae01.alicdn.com/kf/H3b304b4a81654b9bac5174e945361698e.png, 18, 43, 1522738800, 
32861966259, 206046185, US $16.99, US $16.99, 1904931418, 1615190400, 1615622399, 1, Cupshe Orange And White Colorblock One-piece Swimsuit Women Patchwork Belt Bow Monokini 2021 V-neck Beach Bathing Suit Swimwear, 22, 5070, 5043, 27, false, //ae01.alicdn.com/kf/Ha67745fd32854bdd84689f098f52dde31.jpg_350x350.jpg, //aliexpress.ru/item/32861966259.html?gps-id=5547572&scm=1007.19201.130907.0&scm_id=1007.19201.130907.0&scm-url=1007.19201.130907.0&pvid=a81d98ee-028a-493c-b2c7-9906f3ab3365, {"all":{"pvid":"a81d98ee-028a-493c-b2c7-9906f3ab3365","scm-cnt":"1007.19201.130907.0","gps-id":"5547572"},"pvid":"a81d98ee-028a-493c-b2c7-9906f3ab3365","scm-cnt":"1007.19201.130907.0","gps-id":"5547572"}, null, 956, 99.0, 5.0, 263, http://ae01.alicdn.com/kf/H3b304b4a81654b9bac5174e945361698e.png, 18, 43, 1522738800, 
32861966259, 206046185, US $16.99, US $16.99, 1904931418, 1615190400, 1615622399, 1, Cupshe Orange And White Colorblock One-piece Swimsuit Women Patchwork Belt Bow Monokini 2021 V-neck Beach Bathing Suit Swimwear, 22, 5070, 5043, 27, false, //ae01.alicdn.com/kf/Ha67745fd32854bdd84689f098f52dde31.jpg_350x350.jpg, //aliexpress.ru/item/32861966259.html?gps-id=5547572&scm=1007.19201.130907.0&scm_id=1007.19201.130907.0&scm-url=1007.19201.130907.0&pvid=d1d06331-4f62-40d7-8157-cb8bf0eaa80e, {"all":{"pvid":"d1d06331-4f62-40d7-8157-cb8bf0eaa80e","scm-cnt":"1007.19201.130907.0","gps-id":"5547572"},"pvid":"d1d06331-4f62-40d7-8157-cb8bf0eaa80e","scm-cnt":"1007.19201.130907.0","gps-id":"5547572"}, null, 956, 99.0, 5.0, 263, http://ae01.alicdn.com/kf/H3b304b4a81654b9bac5174e945361698e.png, 18, 43, 1522738800, 
32861966259, 206046185, US $16.99, US $16.99, 1904931418, 1615190400, 1615622399, 1, Cupshe Orange And White Colorblock One-piece Swimsuit Women Patchwork Belt Bow Monokini 2021 V-neck Beach Bathing Suit Swimwear, 22, 5070, 5043, 27, false, //ae01.alicdn.com/kf/Ha67745fd32854bdd84689f098f52dde31.jpg_350x350.jpg, //aliexpress.ru/item/32861966259.html?gps-id=5547572&scm=1007.19201.130907.0&scm_id=1007.19201.130907.0&scm-url=1007.19201.130907.0&pvid=e07b5438-48fa-4796-85fb-9e43187e948d, {"all":{"pvid":"e07b5438-48fa-4796-85fb-9e43187e948d","scm-cnt":"1007.19201.130907.0","gps-id":"5547572"},"pvid":"e07b5438-48fa-4796-85fb-9e43187e948d","scm-cnt":"1007.19201.130907.0","gps-id":"5547572"}, null, 956, 99.0, 5.0, 263, http://ae01.alicdn.com/kf/H3b304b4a81654b9bac5174e945361698e.png, 18, 43, 1522738800, 
32861966259, 206046185, US $16.99, US $16.99, 1904931418, 1615190400, 1615622399, 1, Cupshe Orange And White Colorblock One-piece Swimsuit Women Patchwork Belt Bow Monokini 2021 V-neck Beach Bathing Suit Swimwear, 22, 5070, 5043, 27, false, //ae01.alicdn.com/kf/Ha67745fd32854bdd84689f098f52dde31.jpg_350x350.jpg, //aliexpress.ru/item/32861966259.html?gps-id=5547572&scm=1007.19201.130907.0&scm_id=1007.19201.130907.0&scm-url=1007.19201.130907.0&pvid=7372f5b7-7e15-4d52-8c45-dfc520c470dd, {"all":{"pvid":"7372f5b7-7e15-4d52-8c45-dfc520c470dd","scm-cnt":"1007.19201.130907.0","gps-id":"5547572"},"pvid":"7372f5b7-7e15-4d52-8c45-dfc520c470dd","scm-cnt":"1007.19201.130907.0","gps-id":"5547572"}, null, 956, 99.0, 5.0, 263, http://ae01.alicdn.com/kf/H3b304b4a81654b9bac5174e945361698e.png, 18, 43, 1522738800, 
32861966259, 206046185, US $16.99, US $16.99, 1904931418, 1615190400, 1615622399, 1, Cupshe Orange And White Colorblock One-piece Swimsuit Women Patchwork Belt Bow Monokini 2021 V-neck Beach Bathing Suit Swimwear, 22, 5070, 5043, 27, false, //ae01.alicdn.com/kf/Ha67745fd32854bdd84689f098f52dde31.jpg_350x350.jpg, //aliexpress.ru/item/32861966259.html?gps-id=5547572&scm=1007.19201.130907.0&scm_id=1007.19201.130907.0&scm-url=1007.19201.130907.0&pvid=c5c0a0f5-b969-40a1-840e-af1e274cc956, {"all":{"pvid":"c5c0a0f5-b969-40a1-840e-af1e274cc956","scm-cnt":"1007.19201.130907.0","gps-id":"5547572"},"pvid":"c5c0a0f5-b969-40a1-840e-af1e274cc956","scm-cnt":"1007.19201.130907.0","gps-id":"5547572"}, null, 956, 99.0, 5.0, 263, http://ae01.alicdn.com/kf/H3b304b4a81654b9bac5174e945361698e.png, 18, 43, 1522738800, 
32861966259, 206046185, US $16.99, US $16.99, 1904931418, 1615190400, 1615622399, 1, Cupshe Orange And White Colorblock One-piece Swimsuit Women Patchwork Belt Bow Monokini 2021 V-neck Beach Bathing Suit Swimwear, 22, 5070, 5043, 27, false, //ae01.alicdn.com/kf/Ha67745fd32854bdd84689f098f52dde31.jpg_350x350.jpg, //aliexpress.ru/item/32861966259.html?gps-id=5547572&scm=1007.19201.130907.0&scm_id=1007.19201.130907.0&scm-url=1007.19201.130907.0&pvid=4d022075-f1bf-4b57-aae7-8179a0430305, {"all":{"pvid":"4d022075-f1bf-4b57-aae7-8179a0430305","scm-cnt":"1007.19201.130907.0","gps-id":"5547572"},"pvid":"4d022075-f1bf-4b57-aae7-8179a0430305","scm-cnt":"1007.19201.130907.0","gps-id":"5547572"}, null, 956, 99.0, 5.0, 263, http://ae01.alicdn.com/kf/H3b304b4a81654b9bac5174e945361698e.png, 18, 43, 1522738800, 
32861966259, 206046185, US $16.99, US $16.99, 1904931418, 1615190400, 1615622399, 1, Cupshe Orange And White Colorblock One-piece Swimsuit Women Patchwork Belt Bow Monokini 2021 V-neck Beach Bathing Suit Swimwear, 22, 5070, 5043, 27, false, //ae01.alicdn.com/kf/Ha67745fd32854bdd84689f098f52dde31.jpg_350x350.jpg, //aliexpress.ru/item/32861966259.html?gps-id=5547572&scm=1007.19201.130907.0&scm_id=1007.19201.130907.0&scm-url=1007.19201.130907.0&pvid=5c4362b5-2d76-4913-83b3-a9045b386bec, {"all":{"pvid":"5c4362b5-2d76-4913-83b3-a9045b386bec","scm-cnt":"1007.19201.130907.0","gps-id":"5547572"},"pvid":"5c4362b5-2d76-4913-83b3-a9045b386bec","scm-cnt":"1007.19201.130907.0","gps-id":"5547572"}, null, 956, 99.0, 5.0, 263, http://ae01.alicdn.com/kf/H3b304b4a81654b9bac5174e945361698e.png, 18, 43, 1522738800, 
32861966259, 206046185, US $16.99, US $16.99, 1904931418, 1615190400, 1615622399, 1, Cupshe Orange And White Colorblock One-piece Swimsuit Women Patchwork Belt Bow Monokini 2021 V-neck Beach Bathing Suit Swimwear, 22, 5070, 5043, 27, false, //ae01.alicdn.com/kf/Ha67745fd32854bdd84689f098f52dde31.jpg_350x350.jpg, //aliexpress.ru/item/32861966259.html?gps-id=5547572&scm=1007.19201.130907.0&scm_id=1007.19201.130907.0&scm-url=1007.19201.130907.0&pvid=e87a9dd4-0b22-4c97-ba9d-159cb9dfd250, {"all":{"pvid":"e87a9dd4-0b22-4c97-ba9d-159cb9dfd250","scm-cnt":"1007.19201.130907.0","gps-id":"5547572"},"pvid":"e87a9dd4-0b22-4c97-ba9d-159cb9dfd250","scm-cnt":"1007.19201.130907.0","gps-id":"5547572"}, null, 956, 99.0, 5.0, 263, http://ae01.alicdn.com/kf/H3b304b4a81654b9bac5174e945361698e.png, 18, 43, 1522738800, 
32861966259, 206046185, US $16.99, US $16.99, 1904931418, 1615190400, 1615622399, 1, Cupshe Orange And White Colorblock One-piece Swimsuit Women Patchwork Belt Bow Monokini 2021 V-neck Beach Bathing Suit Swimwear, 22, 5070, 5043, 27, false, //ae01.alicdn.com/kf/Ha67745fd32854bdd84689f098f52dde31.jpg_350x350.jpg, //aliexpress.ru/item/32861966259.html?gps-id=5547572&scm=1007.19201.130907.0&scm_id=1007.19201.130907.0&scm-url=1007.19201.130907.0&pvid=4e0bc2a1-4ece-4ad1-953c-c021fc9fb61c, {"all":{"pvid":"4e0bc2a1-4ece-4ad1-953c-c021fc9fb61c","scm-cnt":"1007.19201.130907.0","gps-id":"5547572"},"pvid":"4e0bc2a1-4ece-4ad1-953c-c021fc9fb61c","scm-cnt":"1007.19201.130907.0","gps-id":"5547572"}, null, 956, 99.0, 5.0, 263, http://ae01.alicdn.com/kf/H3b304b4a81654b9bac5174e945361698e.png, 18, 43, 1522738800, 
32861966259, 206046185, US $16.99, US $16.99, 1904931418, 1615190400, 1615622399, 1, Cupshe Orange And White Colorblock One-piece Swimsuit Women Patchwork Belt Bow Monokini 2021 V-neck Beach Bathing Suit Swimwear, 22, 5070, 5043, 27, false, //ae01.alicdn.com/kf/Ha67745fd32854bdd84689f098f52dde31.jpg_350x350.jpg, //aliexpress.ru/item/32861966259.html?gps-id=5547572&scm=1007.19201.130907.0&scm_id=1007.19201.130907.0&scm-url=1007.19201.130907.0&pvid=cd328d2e-190e-4f88-843a-4ce94ac3a6b2, {"all":{"pvid":"cd328d2e-190e-4f88-843a-4ce94ac3a6b2","scm-cnt":"1007.19201.130907.0","gps-id":"5547572"},"pvid":"cd328d2e-190e-4f88-843a-4ce94ac3a6b2","scm-cnt":"1007.19201.130907.0","gps-id":"5547572"}, null, 956, 99.0, 5.0, 263, http://ae01.alicdn.com/kf/H3b304b4a81654b9bac5174e945361698e.png, 18, 43, 1522738800, 
32861966259, 206046185, US $16.99, US $16.99, 1904931418, 1615190400, 1615622399, 1, Cupshe Orange And White Colorblock One-piece Swimsuit Women Patchwork Belt Bow Monokini 2021 V-neck Beach Bathing Suit Swimwear, 22, 5070, 5043, 27, false, //ae01.alicdn.com/kf/Ha67745fd32854bdd84689f098f52dde31.jpg_350x350.jpg, //aliexpress.ru/item/32861966259.html?gps-id=5547572&scm=1007.19201.130907.0&scm_id=1007.19201.130907.0&scm-url=1007.19201.130907.0&pvid=93f06339-41dd-4b21-82eb-f49850b528f7, {"all":{"pvid":"93f06339-41dd-4b21-82eb-f49850b528f7","scm-cnt":"1007.19201.130907.0","gps-id":"5547572"},"pvid":"93f06339-41dd-4b21-82eb-f49850b528f7","scm-cnt":"1007.19201.130907.0","gps-id":"5547572"}, null, 956, 99.0, 5.0, 263, http://ae01.alicdn.com/kf/H3b304b4a81654b9bac5174e945361698e.png, 18, 43, 1522738800, 
32861966259, 206046185, US $16.99, US $16.99, 1904931418, 1615190400, 1615622399, 1, Cupshe Orange And White Colorblock One-piece Swimsuit Women Patchwork Belt Bow Monokini 2021 V-neck Beach Bathing Suit Swimwear, 22, 5070, 5043, 27, false, //ae01.alicdn.com/kf/Ha67745fd32854bdd84689f098f52dde31.jpg_350x350.jpg, //aliexpress.ru/item/32861966259.html?gps-id=5547572&scm=1007.19201.130907.0&scm_id=1007.19201.130907.0&scm-url=1007.19201.130907.0&pvid=af14ca28-f119-4295-960f-1ec6346c7876, {"all":{"pvid":"af14ca28-f119-4295-960f-1ec6346c7876","scm-cnt":"1007.19201.130907.0","gps-id":"5547572"},"pvid":"af14ca28-f119-4295-960f-1ec6346c7876","scm-cnt":"1007.19201.130907.0","gps-id":"5547572"}, null, 956, 99.0, 5.0, 263, http://ae01.alicdn.com/kf/H3b304b4a81654b9bac5174e945361698e.png, 18, 43, 1522738800, 
32861966259, 206046185, US $16.99, US $16.99, 1904931418, 1615190400, 1615622399, 1, Cupshe Orange And White Colorblock One-piece Swimsuit Women Patchwork Belt Bow Monokini 2021 V-neck Beach Bathing Suit Swimwear, 22, 5070, 5043, 27, false, //ae01.alicdn.com/kf/Ha67745fd32854bdd84689f098f52dde31.jpg_350x350.jpg, //aliexpress.ru/item/32861966259.html?gps-id=5547572&scm=1007.19201.130907.0&scm_id=1007.19201.130907.0&scm-url=1007.19201.130907.0&pvid=52fa44f1-9cf6-4437-8c5b-658b58adf01d, {"all":{"pvid":"52fa44f1-9cf6-4437-8c5b-658b58adf01d","scm-cnt":"1007.19201.130907.0","gps-id":"5547572"},"pvid":"52fa44f1-9cf6-4437-8c5b-658b58adf01d","scm-cnt":"1007.19201.130907.0","gps-id":"5547572"}, null, 956, 99.0, 5.0, 263, http://ae01.alicdn.com/kf/H3b304b4a81654b9bac5174e945361698e.png, 18, 43, 1522738800, 
32861966259, 206046185, US $16.99, US $16.99, 1904931418, 1615190400, 1615622399, 1, Cupshe Orange And White Colorblock One-piece Swimsuit Women Patchwork Belt Bow Monokini 2021 V-neck Beach Bathing Suit Swimwear, 22, 5070, 5043, 27, false, //ae01.alicdn.com/kf/Ha67745fd32854bdd84689f098f52dde31.jpg_350x350.jpg, //aliexpress.ru/item/32861966259.html?gps-id=5547572&scm=1007.19201.130907.0&scm_id=1007.19201.130907.0&scm-url=1007.19201.130907.0&pvid=7ae4f862-9813-4ebd-bc96-770546d1a314, {"all":{"pvid":"7ae4f862-9813-4ebd-bc96-770546d1a314","scm-cnt":"1007.19201.130907.0","gps-id":"5547572"},"pvid":"7ae4f862-9813-4ebd-bc96-770546d1a314","scm-cnt":"1007.19201.130907.0","gps-id":"5547572"}, null, 956, 99.0, 5.0, 263, http://ae01.alicdn.com/kf/H3b304b4a81654b9bac5174e945361698e.png, 18, 43, 1522738800, 
32861966259, 206046185, US $16.99, US $16.99, 1904931418, 1615190400, 1615622399, 1, Cupshe Orange And White Colorblock One-piece Swimsuit Women Patchwork Belt Bow Monokini 2021 V-neck Beach Bathing Suit Swimwear, 22, 5070, 5043, 27, false, //ae01.alicdn.com/kf/Ha67745fd32854bdd84689f098f52dde31.jpg_350x350.jpg, //aliexpress.ru/item/32861966259.html?gps-id=5547572&scm=1007.19201.130907.0&scm_id=1007.19201.130907.0&scm-url=1007.19201.130907.0&pvid=f71a91f3-14e2-4006-ab78-b984284430d3, {"all":{"pvid":"f71a91f3-14e2-4006-ab78-b984284430d3","scm-cnt":"1007.19201.130907.0","gps-id":"5547572"},"pvid":"f71a91f3-14e2-4006-ab78-b984284430d3","scm-cnt":"1007.19201.130907.0","gps-id":"5547572"}, null, 956, 99.0, 5.0, 263, http://ae01.alicdn.com/kf/H3b304b4a81654b9bac5174e945361698e.png, 18, 43, 1522738800, 
32861966259, 206046185, US $16.99, US $16.99, 1904931418, 1615190400, 1615622399, 1, Cupshe Orange And White Colorblock One-piece Swimsuit Women Patchwork Belt Bow Monokini 2021 V-neck Beach Bathing Suit Swimwear, 22, 5070, 5043, 27, false, //ae01.alicdn.com/kf/Ha67745fd32854bdd84689f098f52dde31.jpg_350x350.jpg, //aliexpress.ru/item/32861966259.html?gps-id=5547572&scm=1007.19201.130907.0&scm_id=1007.19201.130907.0&scm-url=1007.19201.130907.0&pvid=c85c7002-2551-4f5d-a5a3-f64eb0545d12, {"all":{"pvid":"c85c7002-2551-4f5d-a5a3-f64eb0545d12","scm-cnt":"1007.19201.130907.0","gps-id":"5547572"},"pvid":"c85c7002-2551-4f5d-a5a3-f64eb0545d12","scm-cnt":"1007.19201.130907.0","gps-id":"5547572"}, null, 956, 99.0, 5.0, 263, http://ae01.alicdn.com/kf/H3b304b4a81654b9bac5174e945361698e.png, 18, 43, 1522738800, 
32861966259, 206046185, US $16.99, US $16.99, 1904931418, 1615190400, 1615622399, 1, Cupshe Orange And White Colorblock One-piece Swimsuit Women Patchwork Belt Bow Monokini 2021 V-neck Beach Bathing Suit Swimwear, 22, 5070, 5043, 27, false, //ae01.alicdn.com/kf/Ha67745fd32854bdd84689f098f52dde31.jpg_350x350.jpg, //aliexpress.ru/item/32861966259.html?gps-id=5547572&scm=1007.19201.130907.0&scm_id=1007.19201.130907.0&scm-url=1007.19201.130907.0&pvid=cb72ce66-d826-44bf-9465-bd5b79dbfcd3, {"all":{"pvid":"cb72ce66-d826-44bf-9465-bd5b79dbfcd3","scm-cnt":"1007.19201.130907.0","gps-id":"5547572"},"pvid":"cb72ce66-d826-44bf-9465-bd5b79dbfcd3","scm-cnt":"1007.19201.130907.0","gps-id":"5547572"}, null, 956, 99.0, 5.0, 263, http://ae01.alicdn.com/kf/H3b304b4a81654b9bac5174e945361698e.png, 18, 43, 1522738800, 
32861966259, 206046185, US $16.99, US $16.99, 1904931418, 1615190400, 1615622399, 1, Cupshe Orange And White Colorblock One-piece Swimsuit Women Patchwork Belt Bow Monokini 2021 V-neck Beach Bathing Suit Swimwear, 22, 5070, 5043, 27, false, //ae01.alicdn.com/kf/Ha67745fd32854bdd84689f098f52dde31.jpg_350x350.jpg, //aliexpress.ru/item/32861966259.html?gps-id=5547572&scm=1007.19201.130907.0&scm_id=1007.19201.130907.0&scm-url=1007.19201.130907.0&pvid=47fe132b-2e4d-419c-8240-d20915d875b4, {"all":{"pvid":"47fe132b-2e4d-419c-8240-d20915d875b4","scm-cnt":"1007.19201.130907.0","gps-id":"5547572"},"pvid":"47fe132b-2e4d-419c-8240-d20915d875b4","scm-cnt":"1007.19201.130907.0","gps-id":"5547572"}, null, 956, 99.0, 5.0, 263, http://ae01.alicdn.com/kf/H3b304b4a81654b9bac5174e945361698e.png, 18, 43, 1522738800, 
32861966259, 206046185, US $16.99, US $16.99, 1904931418, 1615190400, 1615622399, 1, Cupshe Orange And White Colorblock One-piece Swimsuit Women Patchwork Belt Bow Monokini 2021 V-neck Beach Bathing Suit Swimwear, 22, 5070, 5043, 27, false, //ae01.alicdn.com/kf/Ha67745fd32854bdd84689f098f52dde31.jpg_350x350.jpg, //aliexpress.ru/item/32861966259.html?gps-id=5547572&scm=1007.19201.130907.0&scm_id=1007.19201.130907.0&scm-url=1007.19201.130907.0&pvid=4be53a20-c782-4bca-baf9-f23ff0321f06, {"all":{"pvid":"4be53a20-c782-4bca-baf9-f23ff0321f06","scm-cnt":"1007.19201.130907.0","gps-id":"5547572"},"pvid":"4be53a20-c782-4bca-baf9-f23ff0321f06","scm-cnt":"1007.19201.130907.0","gps-id":"5547572"}, null, 956, 99.0, 5.0, 263, http://ae01.alicdn.com/kf/H3b304b4a81654b9bac5174e945361698e.png, 18, 43, 1522738800, 
32861966259, 206046185, US $16.99, US $16.99, 1904931418, 1615190400, 1615622399, 1, Cupshe Orange And White Colorblock One-piece Swimsuit Women Patchwork Belt Bow Monokini 2021 V-neck Beach Bathing Suit Swimwear, 22, 5070, 5043, 27, false, //ae01.alicdn.com/kf/Ha67745fd32854bdd84689f098f52dde31.jpg_350x350.jpg, //aliexpress.ru/item/32861966259.html?gps-id=5547572&scm=1007.19201.130907.0&scm_id=1007.19201.130907.0&scm-url=1007.19201.130907.0&pvid=6ea6df20-da01-4a4f-b34d-ef227dbd777f, {"all":{"pvid":"6ea6df20-da01-4a4f-b34d-ef227dbd777f","scm-cnt":"1007.19201.130907.0","gps-id":"5547572"},"pvid":"6ea6df20-da01-4a4f-b34d-ef227dbd777f","scm-cnt":"1007.19201.130907.0","gps-id":"5547572"}, null, 956, 99.0, 5.0, 263, http://ae01.alicdn.com/kf/H3b304b4a81654b9bac5174e945361698e.png, 18, 43, 1522738800, 
32861966259, 206046185, US $16.99, US $16.99, 1904931418, 1615190400, 1615622399, 1, Cupshe Orange And White Colorblock One-piece Swimsuit Women Patchwork Belt Bow Monokini 2021 V-neck Beach Bathing Suit Swimwear, 22, 5070, 5043, 27, false, //ae01.alicdn.com/kf/Ha67745fd32854bdd84689f098f52dde31.jpg_350x350.jpg, //aliexpress.ru/item/32861966259.html?gps-id=5547572&scm=1007.19201.130907.0&scm_id=1007.19201.130907.0&scm-url=1007.19201.130907.0&pvid=1ad4f65e-2386-4b37-bfe2-0533653a13bb, {"all":{"pvid":"1ad4f65e-2386-4b37-bfe2-0533653a13bb","scm-cnt":"1007.19201.130907.0","gps-id":"5547572"},"pvid":"1ad4f65e-2386-4b37-bfe2-0533653a13bb","scm-cnt":"1007.19201.130907.0","gps-id":"5547572"}, null, 956, 99.0, 5.0, 263, http://ae01.alicdn.com/kf/H3b304b4a81654b9bac5174e945361698e.png, 18, 43, 1522738800, 
32861966259, 206046185, US $16.99, US $16.99, 1904931418, 1615190400, 1615622399, 1, Cupshe Orange And White Colorblock One-piece Swimsuit Women Patchwork Belt Bow Monokini 2021 V-neck Beach Bathing Suit Swimwear, 22, 5070, 5043, 27, false, //ae01.alicdn.com/kf/Ha67745fd32854bdd84689f098f52dde31.jpg_350x350.jpg, //aliexpress.ru/item/32861966259.html?gps-id=5547572&scm=1007.19201.130907.0&scm_id=1007.19201.130907.0&scm-url=1007.19201.130907.0&pvid=96efba5f-dd6c-422c-a772-f1f6f25e3cdd, {"all":{"pvid":"96efba5f-dd6c-422c-a772-f1f6f25e3cdd","scm-cnt":"1007.19201.130907.0","gps-id":"5547572"},"pvid":"96efba5f-dd6c-422c-a772-f1f6f25e3cdd","scm-cnt":"1007.19201.130907.0","gps-id":"5547572"}, null, 956, 99.0, 5.0, 263, http://ae01.alicdn.com/kf/H3b304b4a81654b9bac5174e945361698e.png, 18, 43, 1522738800, 
32861966259, 206046185, US $16.99, US $16.99, 1904931418, 1615190400, 1615622399, 1, Cupshe Orange And White Colorblock One-piece Swimsuit Women Patchwork Belt Bow Monokini 2021 V-neck Beach Bathing Suit Swimwear, 22, 5070, 5043, 27, false, //ae01.alicdn.com/kf/Ha67745fd32854bdd84689f098f52dde31.jpg_350x350.jpg, //aliexpress.ru/item/32861966259.html?gps-id=5547572&scm=1007.19201.130907.0&scm_id=1007.19201.130907.0&scm-url=1007.19201.130907.0&pvid=713e9f3e-c9da-4638-a21b-43acd3772bbf, {"all":{"pvid":"713e9f3e-c9da-4638-a21b-43acd3772bbf","scm-cnt":"1007.19201.130907.0","gps-id":"5547572"},"pvid":"713e9f3e-c9da-4638-a21b-43acd3772bbf","scm-cnt":"1007.19201.130907.0","gps-id":"5547572"}, null, 956, 99.0, 5.0, 263, http://ae01.alicdn.com/kf/H3b304b4a81654b9bac5174e945361698e.png, 18, 43, 1522738800, 
32861966259, 206046185, US $16.99, US $16.99, 1904931418, 1615190400, 1615622399, 1, Cupshe Orange And White Colorblock One-piece Swimsuit Women Patchwork Belt Bow Monokini 2021 V-neck Beach Bathing Suit Swimwear, 22, 5070, 5043, 27, false, //ae01.alicdn.com/kf/Ha67745fd32854bdd84689f098f52dde31.jpg_350x350.jpg, //aliexpress.ru/item/32861966259.html?gps-id=5547572&scm=1007.19201.130907.0&scm_id=1007.19201.130907.0&scm-url=1007.19201.130907.0&pvid=6e435c8b-1a1c-4adf-a53a-17b305044c38, {"all":{"pvid":"6e435c8b-1a1c-4adf-a53a-17b305044c38","scm-cnt":"1007.19201.130907.0","gps-id":"5547572"},"pvid":"6e435c8b-1a1c-4adf-a53a-17b305044c38","scm-cnt":"1007.19201.130907.0","gps-id":"5547572"}, null, 956, 99.0, 5.0, 263, http://ae01.alicdn.com/kf/H3b304b4a81654b9bac5174e945361698e.png, 18, 43, 1522738800, 
32861966259, 206046185, US $16.99, US $16.99, 1904931418, 1615190400, 1615622399, 1, Cupshe Orange And White Colorblock One-piece Swimsuit Women Patchwork Belt Bow Monokini 2021 V-neck Beach Bathing Suit Swimwear, 22, 5070, 5043, 27, false, //ae01.alicdn.com/kf/Ha67745fd32854bdd84689f098f52dde31.jpg_350x350.jpg, //aliexpress.ru/item/32861966259.html?gps-id=5547572&scm=1007.19201.130907.0&scm_id=1007.19201.130907.0&scm-url=1007.19201.130907.0&pvid=d15b8ab8-3be6-47c0-9b0e-8dcdb0b81abd, {"all":{"pvid":"d15b8ab8-3be6-47c0-9b0e-8dcdb0b81abd","scm-cnt":"1007.19201.130907.0","gps-id":"5547572"},"pvid":"d15b8ab8-3be6-47c0-9b0e-8dcdb0b81abd","scm-cnt":"1007.19201.130907.0","gps-id":"5547572"}, null, 956, 99.0, 5.0, 263, http://ae01.alicdn.com/kf/H3b304b4a81654b9bac5174e945361698e.png, 18, 43, 1522738800, 
32861966259, 206046185, US $16.99, US $16.99, 1904931418, 1615190400, 1615622399, 1, Cupshe Orange And White Colorblock One-piece Swimsuit Women Patchwork Belt Bow Monokini 2021 V-neck Beach Bathing Suit Swimwear, 22, 5070, 5043, 27, false, //ae01.alicdn.com/kf/Ha67745fd32854bdd84689f098f52dde31.jpg_350x350.jpg, //aliexpress.ru/item/32861966259.html?gps-id=5547572&scm=1007.19201.130907.0&scm_id=1007.19201.130907.0&scm-url=1007.19201.130907.0&pvid=2477d9a8-fab9-4e86-9877-ff8bc7ab808b, {"all":{"pvid":"2477d9a8-fab9-4e86-9877-ff8bc7ab808b","scm-cnt":"1007.19201.130907.0","gps-id":"5547572"},"pvid":"2477d9a8-fab9-4e86-9877-ff8bc7ab808b","scm-cnt":"1007.19201.130907.0","gps-id":"5547572"}, null, 956, 99.0, 5.0, 263, http://ae01.alicdn.com/kf/H3b304b4a81654b9bac5174e945361698e.png, 18, 43, 1522738800, 
32861966259, 206046185, US $16.99, US $16.99, 1904931418, 1615190400, 1615622399, 1, Cupshe Orange And White Colorblock One-piece Swimsuit Women Patchwork Belt Bow Monokini 2021 V-neck Beach Bathing Suit Swimwear, 22, 5070, 5043, 27, false, //ae01.alicdn.com/kf/Ha67745fd32854bdd84689f098f52dde31.jpg_350x350.jpg, //aliexpress.ru/item/32861966259.html?gps-id=5547572&scm=1007.19201.130907.0&scm_id=1007.19201.130907.0&scm-url=1007.19201.130907.0&pvid=4ac9fccb-ee50-4e91-9879-78f643989cea, {"all":{"pvid":"4ac9fccb-ee50-4e91-9879-78f643989cea","scm-cnt":"1007.19201.130907.0","gps-id":"5547572"},"pvid":"4ac9fccb-ee50-4e91-9879-78f643989cea","scm-cnt":"1007.19201.130907.0","gps-id":"5547572"}, null, 956, 99.0, 5.0, 263, http://ae01.alicdn.com/kf/H3b304b4a81654b9bac5174e945361698e.png, 18, 43, 1522738800, 
32861966259, 206046185, US $16.99, US $16.99, 1904931418, 1615190400, 1615622399, 1, Cupshe Orange And White Colorblock One-piece Swimsuit Women Patchwork Belt Bow Monokini 2021 V-neck Beach Bathing Suit Swimwear, 22, 5070, 5043, 27, false, //ae01.alicdn.com/kf/Ha67745fd32854bdd84689f098f52dde31.jpg_350x350.jpg, //aliexpress.ru/item/32861966259.html?gps-id=5547572&scm=1007.19201.130907.0&scm_id=1007.19201.130907.0&scm-url=1007.19201.130907.0&pvid=5b8deab5-6cc7-41b4-bfff-cd6fe60cf726, {"all":{"pvid":"5b8deab5-6cc7-41b4-bfff-cd6fe60cf726","scm-cnt":"1007.19201.130907.0","gps-id":"5547572"},"pvid":"5b8deab5-6cc7-41b4-bfff-cd6fe60cf726","scm-cnt":"1007.19201.130907.0","gps-id":"5547572"}, null, 956, 99.0, 5.0, 263, http://ae01.alicdn.com/kf/H3b304b4a81654b9bac5174e945361698e.png, 18, 43, 1522738800, 
32861966259, 206046185, US $16.99, US $16.99, 1904931418, 1615190400, 1615622399, 1, Cupshe Orange And White Colorblock One-piece Swimsuit Women Patchwork Belt Bow Monokini 2021 V-neck Beach Bathing Suit Swimwear, 22, 5070, 5043, 27, false, //ae01.alicdn.com/kf/Ha67745fd32854bdd84689f098f52dde31.jpg_350x350.jpg, //aliexpress.ru/item/32861966259.html?gps-id=5547572&scm=1007.19201.130907.0&scm_id=1007.19201.130907.0&scm-url=1007.19201.130907.0&pvid=19b4affd-0c56-421d-9c6a-b51d036a38d7, {"all":{"pvid":"19b4affd-0c56-421d-9c6a-b51d036a38d7","scm-cnt":"1007.19201.130907.0","gps-id":"5547572"},"pvid":"19b4affd-0c56-421d-9c6a-b51d036a38d7","scm-cnt":"1007.19201.130907.0","gps-id":"5547572"}, null, 956, 99.0, 5.0, 263, http://ae01.alicdn.com/kf/H3b304b4a81654b9bac5174e945361698e.png, 18, 43, 1522738800, 
32861966259, 206046185, US $16.99, US $16.99, 1904931418, 1615190400, 1615622399, 1, Cupshe Orange And White Colorblock One-piece Swimsuit Women Patchwork Belt Bow Monokini 2021 V-neck Beach Bathing Suit Swimwear, 22, 5070, 5043, 27, false, //ae01.alicdn.com/kf/Ha67745fd32854bdd84689f098f52dde31.jpg_350x350.jpg, //aliexpress.ru/item/32861966259.html?gps-id=5547572&scm=1007.19201.130907.0&scm_id=1007.19201.130907.0&scm-url=1007.19201.130907.0&pvid=fe210801-4676-4aeb-a899-63686f3276bf, {"all":{"pvid":"fe210801-4676-4aeb-a899-63686f3276bf","scm-cnt":"1007.19201.130907.0","gps-id":"5547572"},"pvid":"fe210801-4676-4aeb-a899-63686f3276bf","scm-cnt":"1007.19201.130907.0","gps-id":"5547572"}, null, 956, 99.0, 5.0, 263, http://ae01.alicdn.com/kf/H3b304b4a81654b9bac5174e945361698e.png, 18, 43, 1522738800, 
32861966259, 206046185, US $16.99, US $16.99, 1904931418, 1615190400, 1615622399, 1, Cupshe Orange And White Colorblock One-piece Swimsuit Women Patchwork Belt Bow Monokini 2021 V-neck Beach Bathing Suit Swimwear, 22, 5070, 5043, 27, false, //ae01.alicdn.com/kf/Ha67745fd32854bdd84689f098f52dde31.jpg_350x350.jpg, //aliexpress.ru/item/32861966259.html?gps-id=5547572&scm=1007.19201.130907.0&scm_id=1007.19201.130907.0&scm-url=1007.19201.130907.0&pvid=16bdace9-2366-4ea4-a922-5f7fc8afc6cf, {"all":{"pvid":"16bdace9-2366-4ea4-a922-5f7fc8afc6cf","scm-cnt":"1007.19201.130907.0","gps-id":"5547572"},"pvid":"16bdace9-2366-4ea4-a922-5f7fc8afc6cf","scm-cnt":"1007.19201.130907.0","gps-id":"5547572"}, null, 956, 99.0, 5.0, 263, http://ae01.alicdn.com/kf/H3b304b4a81654b9bac5174e945361698e.png, 18, 43, 1522738800, 
32861966259, 206046185, US $16.99, US $16.99, 1904931418, 1615190400, 1615622399, 1, Cupshe Orange And White Colorblock One-piece Swimsuit Women Patchwork Belt Bow Monokini 2021 V-neck Beach Bathing Suit Swimwear, 22, 5070, 5043, 27, false, //ae01.alicdn.com/kf/Ha67745fd32854bdd84689f098f52dde31.jpg_350x350.jpg, //aliexpress.ru/item/32861966259.html?gps-id=5547572&scm=1007.19201.130907.0&scm_id=1007.19201.130907.0&scm-url=1007.19201.130907.0&pvid=59ed2e04-d32e-489e-8814-44999059ff59, {"all":{"pvid":"59ed2e04-d32e-489e-8814-44999059ff59","scm-cnt":"1007.19201.130907.0","gps-id":"5547572"},"pvid":"59ed2e04-d32e-489e-8814-44999059ff59","scm-cnt":"1007.19201.130907.0","gps-id":"5547572"}, null, 956, 99.0, 5.0, 263, http://ae01.alicdn.com/kf/H3b304b4a81654b9bac5174e945361698e.png, 18, 43, 1522738800, 
32861966259, 206046185, US $16.99, US $16.99, 1904931418, 1615190400, 1615622399, 1, Cupshe Orange And White Colorblock One-piece Swimsuit Women Patchwork Belt Bow Monokini 2021 V-neck Beach Bathing Suit Swimwear, 22, 5070, 5043, 27, false, //ae01.alicdn.com/kf/Ha67745fd32854bdd84689f098f52dde31.jpg_350x350.jpg, //aliexpress.ru/item/32861966259.html?gps-id=5547572&scm=1007.19201.130907.0&scm_id=1007.19201.130907.0&scm-url=1007.19201.130907.0&pvid=445835f6-3e98-4070-b55b-ca9ce8c0c770, {"all":{"pvid":"445835f6-3e98-4070-b55b-ca9ce8c0c770","scm-cnt":"1007.19201.130907.0","gps-id":"5547572"},"pvid":"445835f6-3e98-4070-b55b-ca9ce8c0c770","scm-cnt":"1007.19201.130907.0","gps-id":"5547572"}, null, 956, 99.0, 5.0, 263, http://ae01.alicdn.com/kf/H3b304b4a81654b9bac5174e945361698e.png, 18, 43, 1522738800, 
32861966259, 206046185, US $16.99, US $16.99, 1904931418, 1615190400, 1615622399, 1, Cupshe Orange And White Colorblock One-piece Swimsuit Women Patchwork Belt Bow Monokini 2021 V-neck Beach Bathing Suit Swimwear, 22, 5070, 5043, 27, false, //ae01.alicdn.com/kf/Ha67745fd32854bdd84689f098f52dde31.jpg_350x350.jpg, //aliexpress.ru/item/32861966259.html?gps-id=5547572&scm=1007.19201.130907.0&scm_id=1007.19201.130907.0&scm-url=1007.19201.130907.0&pvid=d752c86b-11b4-41dd-b304-4de30dc3ff37, {"all":{"pvid":"d752c86b-11b4-41dd-b304-4de30dc3ff37","scm-cnt":"1007.19201.130907.0","gps-id":"5547572"},"pvid":"d752c86b-11b4-41dd-b304-4de30dc3ff37","scm-cnt":"1007.19201.130907.0","gps-id":"5547572"}, null, 956, 99.0, 5.0, 263, http://ae01.alicdn.com/kf/H3b304b4a81654b9bac5174e945361698e.png, 18, 43, 1522738800, 
32861966259, 206046185, US $16.99, US $16.99, 1904931418, 1615190400, 1615622399, 1, Cupshe Orange And White Colorblock One-piece Swimsuit Women Patchwork Belt Bow Monokini 2021 V-neck Beach Bathing Suit Swimwear, 22, 5070, 5043, 27, false, //ae01.alicdn.com/kf/Ha67745fd32854bdd84689f098f52dde31.jpg_350x350.jpg, //aliexpress.ru/item/32861966259.html?gps-id=5547572&scm=1007.19201.130907.0&scm_id=1007.19201.130907.0&scm-url=1007.19201.130907.0&pvid=47bf2277-240e-48b7-8656-bcfdee8465a6, {"all":{"pvid":"47bf2277-240e-48b7-8656-bcfdee8465a6","scm-cnt":"1007.19201.130907.0","gps-id":"5547572"},"pvid":"47bf2277-240e-48b7-8656-bcfdee8465a6","scm-cnt":"1007.19201.130907.0","gps-id":"5547572"}, null, 956, 99.0, 5.0, 263, http://ae01.alicdn.com/kf/H3b304b4a81654b9bac5174e945361698e.png, 18, 43, 1522738800, 
32861966259, 206046185, US $16.99, US $16.99, 1904931418, 1615190400, 1615622399, 1, Cupshe Orange And White Colorblock One-piece Swimsuit Women Patchwork Belt Bow Monokini 2021 V-neck Beach Bathing Suit Swimwear, 22, 5070, 5043, 27, false, //ae01.alicdn.com/kf/Ha67745fd32854bdd84689f098f52dde31.jpg_350x350.jpg, //aliexpress.ru/item/32861966259.html?gps-id=5547572&scm=1007.19201.130907.0&scm_id=1007.19201.130907.0&scm-url=1007.19201.130907.0&pvid=64fa8e62-15e0-4c78-b84a-30cb141d8896, {"all":{"pvid":"64fa8e62-15e0-4c78-b84a-30cb141d8896","scm-cnt":"1007.19201.130907.0","gps-id":"5547572"},"pvid":"64fa8e62-15e0-4c78-b84a-30cb141d8896","scm-cnt":"1007.19201.130907.0","gps-id":"5547572"}, null, 956, 99.0, 5.0, 263, http://ae01.alicdn.com/kf/H3b304b4a81654b9bac5174e945361698e.png, 18, 43, 1522738800, 
32861966259, 206046185, US $16.99, US $16.99, 1904931418, 1615190400, 1615622399, 1, Cupshe Orange And White Colorblock One-piece Swimsuit Women Patchwork Belt Bow Monokini 2021 V-neck Beach Bathing Suit Swimwear, 22, 5070, 5043, 27, false, //ae01.alicdn.com/kf/Ha67745fd32854bdd84689f098f52dde31.jpg_350x350.jpg, //aliexpress.ru/item/32861966259.html?gps-id=5547572&scm=1007.19201.130907.0&scm_id=1007.19201.130907.0&scm-url=1007.19201.130907.0&pvid=9ab43954-1c64-4166-a66f-4d9f6da746a5, {"all":{"pvid":"9ab43954-1c64-4166-a66f-4d9f6da746a5","scm-cnt":"1007.19201.130907.0","gps-id":"5547572"},"pvid":"9ab43954-1c64-4166-a66f-4d9f6da746a5","scm-cnt":"1007.19201.130907.0","gps-id":"5547572"}, null, 956, 99.0, 5.0, 263, http://ae01.alicdn.com/kf/H3b304b4a81654b9bac5174e945361698e.png, 18, 43, 1522738800, 
32861966259, 206046185, US $16.99, US $16.99, 1904931418, 1615190400, 1615622399, 1, Cupshe Orange And White Colorblock One-piece Swimsuit Women Patchwork Belt Bow Monokini 2021 V-neck Beach Bathing Suit Swimwear, 22, 5070, 5043, 27, false, //ae01.alicdn.com/kf/Ha67745fd32854bdd84689f098f52dde31.jpg_350x350.jpg, //aliexpress.ru/item/32861966259.html?gps-id=5547572&scm=1007.19201.130907.0&scm_id=1007.19201.130907.0&scm-url=1007.19201.130907.0&pvid=5bf07ee6-5e62-4391-ac82-ac4025f97df4, {"all":{"pvid":"5bf07ee6-5e62-4391-ac82-ac4025f97df4","scm-cnt":"1007.19201.130907.0","gps-id":"5547572"},"pvid":"5bf07ee6-5e62-4391-ac82-ac4025f97df4","scm-cnt":"1007.19201.130907.0","gps-id":"5547572"}, null, 956, 99.0, 5.0, 263, http://ae01.alicdn.com/kf/H3b304b4a81654b9bac5174e945361698e.png, 18, 43, 1522738800, 
32861966259, 206046185, US $16.99, US $16.99, 1904931418, 1615190400, 1615622399, 1, Cupshe Orange And White Colorblock One-piece Swimsuit Women Patchwork Belt Bow Monokini 2021 V-neck Beach Bathing Suit Swimwear, 22, 5070, 5043, 27, false, //ae01.alicdn.com/kf/Ha67745fd32854bdd84689f098f52dde31.jpg_350x350.jpg, //aliexpress.ru/item/32861966259.html?gps-id=5547572&scm=1007.19201.130907.0&scm_id=1007.19201.130907.0&scm-url=1007.19201.130907.0&pvid=8748440d-c9ab-4857-b2f4-9ad620f2265a, {"all":{"pvid":"8748440d-c9ab-4857-b2f4-9ad620f2265a","scm-cnt":"1007.19201.130907.0","gps-id":"5547572"},"pvid":"8748440d-c9ab-4857-b2f4-9ad620f2265a","scm-cnt":"1007.19201.130907.0","gps-id":"5547572"}, null, 956, 99.0, 5.0, 263, http://ae01.alicdn.com/kf/H3b304b4a81654b9bac5174e945361698e.png, 18, 43, 1522738800, 
32861966259, 206046185, US $16.99, US $16.99, 1904931418, 1615190400, 1615622399, 1, Cupshe Orange And White Colorblock One-piece Swimsuit Women Patchwork Belt Bow Monokini 2021 V-neck Beach Bathing Suit Swimwear, 22, 5070, 5043, 27, false, //ae01.alicdn.com/kf/Ha67745fd32854bdd84689f098f52dde31.jpg_350x350.jpg, //aliexpress.ru/item/32861966259.html?gps-id=5547572&scm=1007.19201.130907.0&scm_id=1007.19201.130907.0&scm-url=1007.19201.130907.0&pvid=11c571ba-ef55-44ae-9618-497dc610e693, {"all":{"pvid":"11c571ba-ef55-44ae-9618-497dc610e693","scm-cnt":"1007.19201.130907.0","gps-id":"5547572"},"pvid":"11c571ba-ef55-44ae-9618-497dc610e693","scm-cnt":"1007.19201.130907.0","gps-id":"5547572"}, null, 956, 99.0, 5.0, 263, http://ae01.alicdn.com/kf/H3b304b4a81654b9bac5174e945361698e.png, 18, 43, 1522738800, 
32861966259, 206046185, US $16.99, US $16.99, 1904931418, 1615190400, 1615622399, 1, Cupshe Orange And White Colorblock One-piece Swimsuit Women Patchwork Belt Bow Monokini 2021 V-neck Beach Bathing Suit Swimwear, 22, 5070, 5043, 27, false, //ae01.alicdn.com/kf/Ha67745fd32854bdd84689f098f52dde31.jpg_350x350.jpg, //aliexpress.ru/item/32861966259.html?gps-id=5547572&scm=1007.19201.130907.0&scm_id=1007.19201.130907.0&scm-url=1007.19201.130907.0&pvid=227bfdec-7d68-4d79-a943-c40a702516b7, {"all":{"pvid":"227bfdec-7d68-4d79-a943-c40a702516b7","scm-cnt":"1007.19201.130907.0","gps-id":"5547572"},"pvid":"227bfdec-7d68-4d79-a943-c40a702516b7","scm-cnt":"1007.19201.130907.0","gps-id":"5547572"}, null, 956, 99.0, 5.0, 263, http://ae01.alicdn.com/kf/H3b304b4a81654b9bac5174e945361698e.png, 18, 43, 1522738800, 
32861966259, 206046185, US $16.99, US $16.99, 1904931418, 1615190400, 1615622399, 1, Cupshe Orange And White Colorblock One-piece Swimsuit Women Patchwork Belt Bow Monokini 2021 V-neck Beach Bathing Suit Swimwear, 22, 5070, 5043, 27, false, //ae01.alicdn.com/kf/Ha67745fd32854bdd84689f098f52dde31.jpg_350x350.jpg, //aliexpress.ru/item/32861966259.html?gps-id=5547572&scm=1007.19201.130907.0&scm_id=1007.19201.130907.0&scm-url=1007.19201.130907.0&pvid=85f337b8-0203-4b00-b47b-f5c0cc2c418f, {"all":{"pvid":"85f337b8-0203-4b00-b47b-f5c0cc2c418f","scm-cnt":"1007.19201.130907.0","gps-id":"5547572"},"pvid":"85f337b8-0203-4b00-b47b-f5c0cc2c418f","scm-cnt":"1007.19201.130907.0","gps-id":"5547572"}, null, 956, 99.0, 5.0, 263, http://ae01.alicdn.com/kf/H3b304b4a81654b9bac5174e945361698e.png, 18, 43, 1522738800, 
32861966259, 206046185, US $16.99, US $16.99, 1904931418, 1615190400, 1615622399, 1, Cupshe Orange And White Colorblock One-piece Swimsuit Women Patchwork Belt Bow Monokini 2021 V-neck Beach Bathing Suit Swimwear, 22, 5070, 5043, 27, false, //ae01.alicdn.com/kf/Ha67745fd32854bdd84689f098f52dde31.jpg_350x350.jpg, //aliexpress.ru/item/32861966259.html?gps-id=5547572&scm=1007.19201.130907.0&scm_id=1007.19201.130907.0&scm-url=1007.19201.130907.0&pvid=b3d0214c-c8ff-48b1-ad24-7ee6843605cb, {"all":{"pvid":"b3d0214c-c8ff-48b1-ad24-7ee6843605cb","scm-cnt":"1007.19201.130907.0","gps-id":"5547572"},"pvid":"b3d0214c-c8ff-48b1-ad24-7ee6843605cb","scm-cnt":"1007.19201.130907.0","gps-id":"5547572"}, null, 956, 99.0, 5.0, 263, http://ae01.alicdn.com/kf/H3b304b4a81654b9bac5174e945361698e.png, 18, 43, 1522738800, 
32861966259, 206046185, US $16.99, US $16.99, 1904931418, 1615190400, 1615622399, 1, Cupshe Orange And White Colorblock One-piece Swimsuit Women Patchwork Belt Bow Monokini 2021 V-neck Beach Bathing Suit Swimwear, 22, 5070, 5043, 27, false, //ae01.alicdn.com/kf/Ha67745fd32854bdd84689f098f52dde31.jpg_350x350.jpg, //aliexpress.ru/item/32861966259.html?gps-id=5547572&scm=1007.19201.130907.0&scm_id=1007.19201.130907.0&scm-url=1007.19201.130907.0&pvid=6cd2b142-6ce2-4c05-93ca-8440046eeb76, {"all":{"pvid":"6cd2b142-6ce2-4c05-93ca-8440046eeb76","scm-cnt":"1007.19201.130907.0","gps-id":"5547572"},"pvid":"6cd2b142-6ce2-4c05-93ca-8440046eeb76","scm-cnt":"1007.19201.130907.0","gps-id":"5547572"}, null, 956, 99.0, 5.0, 263, http://ae01.alicdn.com/kf/H3b304b4a81654b9bac5174e945361698e.png, 18, 43, 1522738800, 
32861966259, 206046185, US $16.99, US $16.99, 1904931418, 1615190400, 1615622399, 1, Cupshe Orange And White Colorblock One-piece Swimsuit Women Patchwork Belt Bow Monokini 2021 V-neck Beach Bathing Suit Swimwear, 22, 5070, 5043, 27, false, //ae01.alicdn.com/kf/Ha67745fd32854bdd84689f098f52dde31.jpg_350x350.jpg, //aliexpress.ru/item/32861966259.html?gps-id=5547572&scm=1007.19201.130907.0&scm_id=1007.19201.130907.0&scm-url=1007.19201.130907.0&pvid=cd44818a-d0a6-4d0c-ba27-46e38fa6d007, {"all":{"pvid":"cd44818a-d0a6-4d0c-ba27-46e38fa6d007","scm-cnt":"1007.19201.130907.0","gps-id":"5547572"},"pvid":"cd44818a-d0a6-4d0c-ba27-46e38fa6d007","scm-cnt":"1007.19201.130907.0","gps-id":"5547572"}, null, 956, 99.0, 5.0, 263, http://ae01.alicdn.com/kf/H3b304b4a81654b9bac5174e945361698e.png, 18, 43, 1522738800, 
32861966259, 206046185, US $16.99, US $16.99, 1904931418, 1615190400, 1615622399, 1, Cupshe Orange And White Colorblock One-piece Swimsuit Women Patchwork Belt Bow Monokini 2021 V-neck Beach Bathing Suit Swimwear, 22, 5070, 5043, 27, false, //ae01.alicdn.com/kf/Ha67745fd32854bdd84689f098f52dde31.jpg_350x350.jpg, //aliexpress.ru/item/32861966259.html?gps-id=5547572&scm=1007.19201.130907.0&scm_id=1007.19201.130907.0&scm-url=1007.19201.130907.0&pvid=b682870b-49e8-458d-87f2-52ee98f5dfd2, {"all":{"pvid":"b682870b-49e8-458d-87f2-52ee98f5dfd2","scm-cnt":"1007.19201.130907.0","gps-id":"5547572"},"pvid":"b682870b-49e8-458d-87f2-52ee98f5dfd2","scm-cnt":"1007.19201.130907.0","gps-id":"5547572"}, null, 956, 99.0, 5.0, 263, http://ae01.alicdn.com/kf/H3b304b4a81654b9bac5174e945361698e.png, 18, 43, 1522738800, 
32861966259, 206046185, US $16.99, US $16.99, 1904931418, 1615190400, 1615622399, 1, Cupshe Orange And White Colorblock One-piece Swimsuit Women Patchwork Belt Bow Monokini 2021 V-neck Beach Bathing Suit Swimwear, 22, 5070, 5043, 27, false, //ae01.alicdn.com/kf/Ha67745fd32854bdd84689f098f52dde31.jpg_350x350.jpg, //aliexpress.ru/item/32861966259.html?gps-id=5547572&scm=1007.19201.130907.0&scm_id=1007.19201.130907.0&scm-url=1007.19201.130907.0&pvid=8f0fc238-9a6d-4e04-a330-d9809fe9954b, {"all":{"pvid":"8f0fc238-9a6d-4e04-a330-d9809fe9954b","scm-cnt":"1007.19201.130907.0","gps-id":"5547572"},"pvid":"8f0fc238-9a6d-4e04-a330-d9809fe9954b","scm-cnt":"1007.19201.130907.0","gps-id":"5547572"}, null, 956, 99.0, 5.0, 263, http://ae01.alicdn.com/kf/H3b304b4a81654b9bac5174e945361698e.png, 18, 43, 1522738800, 
32861966259, 206046185, US $16.99, US $16.99, 1904931418, 1615190400, 1615622399, 1, Cupshe Orange And White Colorblock One-piece Swimsuit Women Patchwork Belt Bow Monokini 2021 V-neck Beach Bathing Suit Swimwear, 22, 5070, 5043, 27, false, //ae01.alicdn.com/kf/Ha67745fd32854bdd84689f098f52dde31.jpg_350x350.jpg, //aliexpress.ru/item/32861966259.html?gps-id=5547572&scm=1007.19201.130907.0&scm_id=1007.19201.130907.0&scm-url=1007.19201.130907.0&pvid=72e32393-4864-4264-8230-687de4be3ef6, {"all":{"pvid":"72e32393-4864-4264-8230-687de4be3ef6","scm-cnt":"1007.19201.130907.0","gps-id":"5547572"},"pvid":"72e32393-4864-4264-8230-687de4be3ef6","scm-cnt":"1007.19201.130907.0","gps-id":"5547572"}, null, 956, 99.0, 5.0, 263, http://ae01.alicdn.com/kf/H3b304b4a81654b9bac5174e945361698e.png, 18, 43, 1522738800, 
32861966259, 206046185, US $16.99, US $16.99, 1904931418, 1615190400, 1615622399, 1, Cupshe Orange And White Colorblock One-piece Swimsuit Women Patchwork Belt Bow Monokini 2021 V-neck Beach Bathing Suit Swimwear, 22, 5070, 5043, 27, false, //ae01.alicdn.com/kf/Ha67745fd32854bdd84689f098f52dde31.jpg_350x350.jpg, //aliexpress.ru/item/32861966259.html?gps-id=5547572&scm=1007.19201.130907.0&scm_id=1007.19201.130907.0&scm-url=1007.19201.130907.0&pvid=8d718f2e-670e-4a07-bfb3-ff8c154c2c39, {"all":{"pvid":"8d718f2e-670e-4a07-bfb3-ff8c154c2c39","scm-cnt":"1007.19201.130907.0","gps-id":"5547572"},"pvid":"8d718f2e-670e-4a07-bfb3-ff8c154c2c39","scm-cnt":"1007.19201.130907.0","gps-id":"5547572"}, null, 956, 99.0, 5.0, 263, http://ae01.alicdn.com/kf/H3b304b4a81654b9bac5174e945361698e.png, 18, 43, 1522738800, 
32861966259, 206046185, US $16.99, US $16.99, 1904931418, 1615190400, 1615622399, 1, Cupshe Orange And White Colorblock One-piece Swimsuit Women Patchwork Belt Bow Monokini 2021 V-neck Beach Bathing Suit Swimwear, 22, 5070, 5043, 27, false, //ae01.alicdn.com/kf/Ha67745fd32854bdd84689f098f52dde31.jpg_350x350.jpg, //aliexpress.ru/item/32861966259.html?gps-id=5547572&scm=1007.19201.130907.0&scm_id=1007.19201.130907.0&scm-url=1007.19201.130907.0&pvid=f504341b-1192-44bf-8e5d-7b97d51738e5, {"all":{"pvid":"f504341b-1192-44bf-8e5d-7b97d51738e5","scm-cnt":"1007.19201.130907.0","gps-id":"5547572"},"pvid":"f504341b-1192-44bf-8e5d-7b97d51738e5","scm-cnt":"1007.19201.130907.0","gps-id":"5547572"}, null, 956, 99.0, 5.0, 263, http://ae01.alicdn.com/kf/H3b304b4a81654b9bac5174e945361698e.png, 18, 43, 1522738800, 
32861966259, 206046185, US $16.99, US $16.99, 1904931418, 1615190400, 1615622399, 1, Cupshe Orange And White Colorblock One-piece Swimsuit Women Patchwork Belt Bow Monokini 2021 V-neck Beach Bathing Suit Swimwear, 22, 5070, 5043, 27, false, //ae01.alicdn.com/kf/Ha67745fd32854bdd84689f098f52dde31.jpg_350x350.jpg, //aliexpress.ru/item/32861966259.html?gps-id=5547572&scm=1007.19201.130907.0&scm_id=1007.19201.130907.0&scm-url=1007.19201.130907.0&pvid=c542b3be-153f-4c79-b432-2aa72afb17f2, {"all":{"pvid":"c542b3be-153f-4c79-b432-2aa72afb17f2","scm-cnt":"1007.19201.130907.0","gps-id":"5547572"},"pvid":"c542b3be-153f-4c79-b432-2aa72afb17f2","scm-cnt":"1007.19201.130907.0","gps-id":"5547572"}, null, 956, 99.0, 5.0, 263, http://ae01.alicdn.com/kf/H3b304b4a81654b9bac5174e945361698e.png, 18, 43, 1522738800, 
32861966259, 206046185, US $16.99, US $16.99, 1904931418, 1615190400, 1615622399, 1, Cupshe Orange And White Colorblock One-piece Swimsuit Women Patchwork Belt Bow Monokini 2021 V-neck Beach Bathing Suit Swimwear, 22, 5070, 5043, 27, false, //ae01.alicdn.com/kf/Ha67745fd32854bdd84689f098f52dde31.jpg_350x350.jpg, //aliexpress.ru/item/32861966259.html?gps-id=5547572&scm=1007.19201.130907.0&scm_id=1007.19201.130907.0&scm-url=1007.19201.130907.0&pvid=9d5f4c76-11f7-4f06-8fb7-966c6d3bebd1, {"all":{"pvid":"9d5f4c76-11f7-4f06-8fb7-966c6d3bebd1","scm-cnt":"1007.19201.130907.0","gps-id":"5547572"},"pvid":"9d5f4c76-11f7-4f06-8fb7-966c6d3bebd1","scm-cnt":"1007.19201.130907.0","gps-id":"5547572"}, null, 956, 99.0, 5.0, 263, http://ae01.alicdn.com/kf/H3b304b4a81654b9bac5174e945361698e.png, 18, 43, 1522738800, 
32861966259, 206046185, US $16.99, US $16.99, 1904931418, 1615190400, 1615622399, 1, Cupshe Orange And White Colorblock One-piece Swimsuit Women Patchwork Belt Bow Monokini 2021 V-neck Beach Bathing Suit Swimwear, 22, 5070, 5043, 27, false, //ae01.alicdn.com/kf/Ha67745fd32854bdd84689f098f52dde31.jpg_350x350.jpg, //aliexpress.ru/item/32861966259.html?gps-id=5547572&scm=1007.19201.130907.0&scm_id=1007.19201.130907.0&scm-url=1007.19201.130907.0&pvid=c599dc66-2af3-4cb8-ae9f-11863a1ad89b, {"all":{"pvid":"c599dc66-2af3-4cb8-ae9f-11863a1ad89b","scm-cnt":"1007.19201.130907.0","gps-id":"5547572"},"pvid":"c599dc66-2af3-4cb8-ae9f-11863a1ad89b","scm-cnt":"1007.19201.130907.0","gps-id":"5547572"}, null, 956, 99.0, 5.0, 263, http://ae01.alicdn.com/kf/H3b304b4a81654b9bac5174e945361698e.png, 18, 43, 1522738800, 
32861966259, 206046185, US $16.99, US $16.99, 1904931418, 1615190400, 1615622399, 1, Cupshe Orange And White Colorblock One-piece Swimsuit Women Patchwork Belt Bow Monokini 2021 V-neck Beach Bathing Suit Swimwear, 22, 5070, 5043, 27, false, //ae01.alicdn.com/kf/Ha67745fd32854bdd84689f098f52dde31.jpg_350x350.jpg, //aliexpress.ru/item/32861966259.html?gps-id=5547572&scm=1007.19201.130907.0&scm_id=1007.19201.130907.0&scm-url=1007.19201.130907.0&pvid=c69d0f90-60c9-4111-83be-0dda95eb2d63, {"all":{"pvid":"c69d0f90-60c9-4111-83be-0dda95eb2d63","scm-cnt":"1007.19201.130907.0","gps-id":"5547572"},"pvid":"c69d0f90-60c9-4111-83be-0dda95eb2d63","scm-cnt":"1007.19201.130907.0","gps-id":"5547572"}, null, 956, 99.0, 5.0, 263, http://ae01.alicdn.com/kf/H3b304b4a81654b9bac5174e945361698e.png, 18, 43, 1522738800, 
32861966259, 206046185, US $16.99, US $16.99, 1904931418, 1615190400, 1615622399, 1, Cupshe Orange And White Colorblock One-piece Swimsuit Women Patchwork Belt Bow Monokini 2021 V-neck Beach Bathing Suit Swimwear, 22, 5070, 5043, 27, false, //ae01.alicdn.com/kf/Ha67745fd32854bdd84689f098f52dde31.jpg_350x350.jpg, //aliexpress.ru/item/32861966259.html?gps-id=5547572&scm=1007.19201.130907.0&scm_id=1007.19201.130907.0&scm-url=1007.19201.130907.0&pvid=8b297446-703a-48bf-8e40-398a6187e629, {"all":{"pvid":"8b297446-703a-48bf-8e40-398a6187e629","scm-cnt":"1007.19201.130907.0","gps-id":"5547572"},"pvid":"8b297446-703a-48bf-8e40-398a6187e629","scm-cnt":"1007.19201.130907.0","gps-id":"5547572"}, null, 956, 99.0, 5.0, 263, http://ae01.alicdn.com/kf/H3b304b4a81654b9bac5174e945361698e.png, 18, 43, 1522738800, 
32861966259, 206046185, US $16.99, US $16.99, 1904931418, 1615190400, 1615622399, 1, Cupshe Orange And White Colorblock One-piece Swimsuit Women Patchwork Belt Bow Monokini 2021 V-neck Beach Bathing Suit Swimwear, 22, 5070, 5043, 27, false, //ae01.alicdn.com/kf/Ha67745fd32854bdd84689f098f52dde31.jpg_350x350.jpg, //aliexpress.ru/item/32861966259.html?gps-id=5547572&scm=1007.19201.130907.0&scm_id=1007.19201.130907.0&scm-url=1007.19201.130907.0&pvid=aa857442-5420-4a49-87f3-cd85ef51fe9a, {"all":{"pvid":"aa857442-5420-4a49-87f3-cd85ef51fe9a","scm-cnt":"1007.19201.130907.0","gps-id":"5547572"},"pvid":"aa857442-5420-4a49-87f3-cd85ef51fe9a","scm-cnt":"1007.19201.130907.0","gps-id":"5547572"}, null, 956, 99.0, 5.0, 263, http://ae01.alicdn.com/kf/H3b304b4a81654b9bac5174e945361698e.png, 18, 43, 1522738800, 
32861966259, 206046185, US $16.99, US $16.99, 1904931418, 1615190400, 1615622399, 1, Cupshe Orange And White Colorblock One-piece Swimsuit Women Patchwork Belt Bow Monokini 2021 V-neck Beach Bathing Suit Swimwear, 22, 5070, 5043, 27, false, //ae01.alicdn.com/kf/Ha67745fd32854bdd84689f098f52dde31.jpg_350x350.jpg, //aliexpress.ru/item/32861966259.html?gps-id=5547572&scm=1007.19201.130907.0&scm_id=1007.19201.130907.0&scm-url=1007.19201.130907.0&pvid=93b5660b-4d8a-418b-9735-acafa3060295, {"all":{"pvid":"93b5660b-4d8a-418b-9735-acafa3060295","scm-cnt":"1007.19201.130907.0","gps-id":"5547572"},"pvid":"93b5660b-4d8a-418b-9735-acafa3060295","scm-cnt":"1007.19201.130907.0","gps-id":"5547572"}, null, 956, 99.0, 5.0, 263, http://ae01.alicdn.com/kf/H3b304b4a81654b9bac5174e945361698e.png, 18, 43, 1522738800, 
32861966259, 206046185, US $16.99, US $16.99, 1904931418, 1615190400, 1615622399, 1, Cupshe Orange And White Colorblock One-piece Swimsuit Women Patchwork Belt Bow Monokini 2021 V-neck Beach Bathing Suit Swimwear, 22, 5070, 5043, 27, false, //ae01.alicdn.com/kf/Ha67745fd32854bdd84689f098f52dde31.jpg_350x350.jpg, //aliexpress.ru/item/32861966259.html?gps-id=5547572&scm=1007.19201.130907.0&scm_id=1007.19201.130907.0&scm-url=1007.19201.130907.0&pvid=e315137c-befd-4cf6-b953-d7189a726aa9, {"all":{"pvid":"e315137c-befd-4cf6-b953-d7189a726aa9","scm-cnt":"1007.19201.130907.0","gps-id":"5547572"},"pvid":"e315137c-befd-4cf6-b953-d7189a726aa9","scm-cnt":"1007.19201.130907.0","gps-id":"5547572"}, null, 956, 99.0, 5.0, 263, http://ae01.alicdn.com/kf/H3b304b4a81654b9bac5174e945361698e.png, 18, 43, 1522738800, 
32861966259, 206046185, US $16.99, US $16.99, 1904931418, 1615190400, 1615622399, 1, Cupshe Orange And White Colorblock One-piece Swimsuit Women Patchwork Belt Bow Monokini 2021 V-neck Beach Bathing Suit Swimwear, 22, 5070, 5043, 27, false, //ae01.alicdn.com/kf/Ha67745fd32854bdd84689f098f52dde31.jpg_350x350.jpg, //aliexpress.ru/item/32861966259.html?gps-id=5547572&scm=1007.19201.130907.0&scm_id=1007.19201.130907.0&scm-url=1007.19201.130907.0&pvid=fcc02dce-3681-4848-8b49-d9c3303de2b2, {"all":{"pvid":"fcc02dce-3681-4848-8b49-d9c3303de2b2","scm-cnt":"1007.19201.130907.0","gps-id":"5547572"},"pvid":"fcc02dce-3681-4848-8b49-d9c3303de2b2","scm-cnt":"1007.19201.130907.0","gps-id":"5547572"}, null, 956, 99.0, 5.0, 263, http://ae01.alicdn.com/kf/H3b304b4a81654b9bac5174e945361698e.png, 18, 43, 1522738800, 
32861966259, 206046185, US $16.99, US $16.99, 1904931418, 1615190400, 1615622399, 1, Cupshe Orange And White Colorblock One-piece Swimsuit Women Patchwork Belt Bow Monokini 2021 V-neck Beach Bathing Suit Swimwear, 22, 5070, 5043, 27, false, //ae01.alicdn.com/kf/Ha67745fd32854bdd84689f098f52dde31.jpg_350x350.jpg, //aliexpress.ru/item/32861966259.html?gps-id=5547572&scm=1007.19201.130907.0&scm_id=1007.19201.130907.0&scm-url=1007.19201.130907.0&pvid=35f22ed5-7fcb-4205-a193-1d947798d212, {"all":{"pvid":"35f22ed5-7fcb-4205-a193-1d947798d212","scm-cnt":"1007.19201.130907.0","gps-id":"5547572"},"pvid":"35f22ed5-7fcb-4205-a193-1d947798d212","scm-cnt":"1007.19201.130907.0","gps-id":"5547572"}, null, 956, 99.0, 5.0, 263, http://ae01.alicdn.com/kf/H3b304b4a81654b9bac5174e945361698e.png, 18, 43, 1522738800, 
32861966259, 206046185, US $16.99, US $16.99, 1904931418, 1615190400, 1615622399, 1, Cupshe Orange And White Colorblock One-piece Swimsuit Women Patchwork Belt Bow Monokini 2021 V-neck Beach Bathing Suit Swimwear, 22, 5070, 5043, 27, false, //ae01.alicdn.com/kf/Ha67745fd32854bdd84689f098f52dde31.jpg_350x350.jpg, //aliexpress.ru/item/32861966259.html?gps-id=5547572&scm=1007.19201.130907.0&scm_id=1007.19201.130907.0&scm-url=1007.19201.130907.0&pvid=4163233a-5be8-436e-81a8-4cfec2697012, {"all":{"pvid":"4163233a-5be8-436e-81a8-4cfec2697012","scm-cnt":"1007.19201.130907.0","gps-id":"5547572"},"pvid":"4163233a-5be8-436e-81a8-4cfec2697012","scm-cnt":"1007.19201.130907.0","gps-id":"5547572"}, null, 956, 99.0, 5.0, 263, http://ae01.alicdn.com/kf/H3b304b4a81654b9bac5174e945361698e.png, 18, 43, 1522738800, 
32861966259, 206046185, US $16.99, US $16.99, 1904931418, 1615190400, 1615622399, 1, Cupshe Orange And White Colorblock One-piece Swimsuit Women Patchwork Belt Bow Monokini 2021 V-neck Beach Bathing Suit Swimwear, 22, 5070, 5043, 27, false, //ae01.alicdn.com/kf/Ha67745fd32854bdd84689f098f52dde31.jpg_350x350.jpg, //aliexpress.ru/item/32861966259.html?gps-id=5547572&scm=1007.19201.130907.0&scm_id=1007.19201.130907.0&scm-url=1007.19201.130907.0&pvid=43f02ab9-5833-4f46-badf-260caef142fd, {"all":{"pvid":"43f02ab9-5833-4f46-badf-260caef142fd","scm-cnt":"1007.19201.130907.0","gps-id":"5547572"},"pvid":"43f02ab9-5833-4f46-badf-260caef142fd","scm-cnt":"1007.19201.130907.0","gps-id":"5547572"}, null, 956, 99.0, 5.0, 263, http://ae01.alicdn.com/kf/H3b304b4a81654b9bac5174e945361698e.png, 18, 43, 1522738800, 
32861966259, 206046185, US $16.99, US $16.99, 1904931418, 1615190400, 1615622399, 1, Cupshe Orange And White Colorblock One-piece Swimsuit Women Patchwork Belt Bow Monokini 2021 V-neck Beach Bathing Suit Swimwear, 22, 5070, 5043, 27, false, //ae01.alicdn.com/kf/Ha67745fd32854bdd84689f098f52dde31.jpg_350x350.jpg, //aliexpress.ru/item/32861966259.html?gps-id=5547572&scm=1007.19201.130907.0&scm_id=1007.19201.130907.0&scm-url=1007.19201.130907.0&pvid=84ce36de-aeff-4465-802a-791c24ad8a5d, {"all":{"pvid":"84ce36de-aeff-4465-802a-791c24ad8a5d","scm-cnt":"1007.19201.130907.0","gps-id":"5547572"},"pvid":"84ce36de-aeff-4465-802a-791c24ad8a5d","scm-cnt":"1007.19201.130907.0","gps-id":"5547572"}, null, 956, 99.0, 5.0, 263, http://ae01.alicdn.com/kf/H3b304b4a81654b9bac5174e945361698e.png, 18, 43, 1522738800, 
32861966259, 206046185, US $16.99, US $16.99, 1904931418, 1615190400, 1615622399, 1, Cupshe Orange And White Colorblock One-piece Swimsuit Women Patchwork Belt Bow Monokini 2021 V-neck Beach Bathing Suit Swimwear, 22, 5070, 5043, 27, false, //ae01.alicdn.com/kf/Ha67745fd32854bdd84689f098f52dde31.jpg_350x350.jpg, //aliexpress.ru/item/32861966259.html?gps-id=5547572&scm=1007.19201.130907.0&scm_id=1007.19201.130907.0&scm-url=1007.19201.130907.0&pvid=35a6b4e5-b787-4df1-a2a3-275ebd2a7af0, {"all":{"pvid":"35a6b4e5-b787-4df1-a2a3-275ebd2a7af0","scm-cnt":"1007.19201.130907.0","gps-id":"5547572"},"pvid":"35a6b4e5-b787-4df1-a2a3-275ebd2a7af0","scm-cnt":"1007.19201.130907.0","gps-id":"5547572"}, null, 956, 99.0, 5.0, 263, http://ae01.alicdn.com/kf/H3b304b4a81654b9bac5174e945361698e.png, 18, 43, 1522738800, 
32861966259, 206046185, US $16.99, US $16.99, 1904931418, 1615190400, 1615622399, 1, Cupshe Orange And White Colorblock One-piece Swimsuit Women Patchwork Belt Bow Monokini 2021 V-neck Beach Bathing Suit Swimwear, 22, 5070, 5043, 27, false, //ae01.alicdn.com/kf/Ha67745fd32854bdd84689f098f52dde31.jpg_350x350.jpg, //aliexpress.ru/item/32861966259.html?gps-id=5547572&scm=1007.19201.130907.0&scm_id=1007.19201.130907.0&scm-url=1007.19201.130907.0&pvid=65c858be-8692-468a-8c30-99db5126ae23, {"all":{"pvid":"65c858be-8692-468a-8c30-99db5126ae23","scm-cnt":"1007.19201.130907.0","gps-id":"5547572"},"pvid":"65c858be-8692-468a-8c30-99db5126ae23","scm-cnt":"1007.19201.130907.0","gps-id":"5547572"}, null, 956, 99.0, 5.0, 263, http://ae01.alicdn.com/kf/H3b304b4a81654b9bac5174e945361698e.png, 18, 43, 1522738800, 
32861966259, 206046185, US $16.99, US $16.99, 1904931418, 1615190400, 1615622399, 1, Cupshe Orange And White Colorblock One-piece Swimsuit Women Patchwork Belt Bow Monokini 2021 V-neck Beach Bathing Suit Swimwear, 22, 5070, 5043, 27, false, //ae01.alicdn.com/kf/Ha67745fd32854bdd84689f098f52dde31.jpg_350x350.jpg, //aliexpress.ru/item/32861966259.html?gps-id=5547572&scm=1007.19201.130907.0&scm_id=1007.19201.130907.0&scm-url=1007.19201.130907.0&pvid=f2fa54f2-0cb9-4e28-afee-18e4223ca8aa, {"all":{"pvid":"f2fa54f2-0cb9-4e28-afee-18e4223ca8aa","scm-cnt":"1007.19201.130907.0","gps-id":"5547572"},"pvid":"f2fa54f2-0cb9-4e28-afee-18e4223ca8aa","scm-cnt":"1007.19201.130907.0","gps-id":"5547572"}, null, 956, 99.0, 5.0, 263, http://ae01.alicdn.com/kf/H3b304b4a81654b9bac5174e945361698e.png, 18, 43, 1522738800, 
32861966259, 206046185, US $16.99, US $16.99, 1904931418, 1615190400, 1615622399, 1, Cupshe Orange And White Colorblock One-piece Swimsuit Women Patchwork Belt Bow Monokini 2021 V-neck Beach Bathing Suit Swimwear, 22, 5070, 5043, 27, false, //ae01.alicdn.com/kf/Ha67745fd32854bdd84689f098f52dde31.jpg_350x350.jpg, //aliexpress.ru/item/32861966259.html?gps-id=5547572&scm=1007.19201.130907.0&scm_id=1007.19201.130907.0&scm-url=1007.19201.130907.0&pvid=5bcb1656-6814-4d12-8697-fa39ac721856, {"all":{"pvid":"5bcb1656-6814-4d12-8697-fa39ac721856","scm-cnt":"1007.19201.130907.0","gps-id":"5547572"},"pvid":"5bcb1656-6814-4d12-8697-fa39ac721856","scm-cnt":"1007.19201.130907.0","gps-id":"5547572"}, null, 956, 99.0, 5.0, 263, http://ae01.alicdn.com/kf/H3b304b4a81654b9bac5174e945361698e.png, 18, 43, 1522738800, 
32861966259, 206046185, US $16.99, US $16.99, 1904931418, 1615190400, 1615622399, 1, Cupshe Orange And White Colorblock One-piece Swimsuit Women Patchwork Belt Bow Monokini 2021 V-neck Beach Bathing Suit Swimwear, 22, 5070, 5043, 27, false, //ae01.alicdn.com/kf/Ha67745fd32854bdd84689f098f52dde31.jpg_350x350.jpg, //aliexpress.ru/item/32861966259.html?gps-id=5547572&scm=1007.19201.130907.0&scm_id=1007.19201.130907.0&scm-url=1007.19201.130907.0&pvid=f3f62b70-e65d-42ae-91e2-61547f516289, {"all":{"pvid":"f3f62b70-e65d-42ae-91e2-61547f516289","scm-cnt":"1007.19201.130907.0","gps-id":"5547572"},"pvid":"f3f62b70-e65d-42ae-91e2-61547f516289","scm-cnt":"1007.19201.130907.0","gps-id":"5547572"}, null, 956, 99.0, 5.0, 263, http://ae01.alicdn.com/kf/H3b304b4a81654b9bac5174e945361698e.png, 18, 43, 1522738800, 
32861966259, 206046185, US $16.99, US $16.99, 1904931418, 1615190400, 1615622399, 1, Cupshe Orange And White Colorblock One-piece Swimsuit Women Patchwork Belt Bow Monokini 2021 V-neck Beach Bathing Suit Swimwear, 22, 5070, 5043, 27, false, //ae01.alicdn.com/kf/Ha67745fd32854bdd84689f098f52dde31.jpg_350x350.jpg, //aliexpress.ru/item/32861966259.html?gps-id=5547572&scm=1007.19201.130907.0&scm_id=1007.19201.130907.0&scm-url=1007.19201.130907.0&pvid=ccaadcfb-7899-4086-8285-f1660e333977, {"all":{"pvid":"ccaadcfb-7899-4086-8285-f1660e333977","scm-cnt":"1007.19201.130907.0","gps-id":"5547572"},"pvid":"ccaadcfb-7899-4086-8285-f1660e333977","scm-cnt":"1007.19201.130907.0","gps-id":"5547572"}, null, 956, 99.0, 5.0, 263, http://ae01.alicdn.com/kf/H3b304b4a81654b9bac5174e945361698e.png, 18, 43, 1522738800, 
32861966259, 206046185, US $16.99, US $16.99, 1904931418, 1615190400, 1615622399, 1, Cupshe Orange And White Colorblock One-piece Swimsuit Women Patchwork Belt Bow Monokini 2021 V-neck Beach Bathing Suit Swimwear, 22, 5070, 5043, 27, false, //ae01.alicdn.com/kf/Ha67745fd32854bdd84689f098f52dde31.jpg_350x350.jpg, //aliexpress.ru/item/32861966259.html?gps-id=5547572&scm=1007.19201.130907.0&scm_id=1007.19201.130907.0&scm-url=1007.19201.130907.0&pvid=eb39d957-50df-4600-9af1-8e9ce6b2200a, {"all":{"pvid":"eb39d957-50df-4600-9af1-8e9ce6b2200a","scm-cnt":"1007.19201.130907.0","gps-id":"5547572"},"pvid":"eb39d957-50df-4600-9af1-8e9ce6b2200a","scm-cnt":"1007.19201.130907.0","gps-id":"5547572"}, null, 956, 99.0, 5.0, 263, http://ae01.alicdn.com/kf/H3b304b4a81654b9bac5174e945361698e.png, 18, 43, 1522738800, 
32861966259, 206046185, US $16.99, US $16.99, 1904931418, 1615190400, 1615622399, 1, Cupshe Orange And White Colorblock One-piece Swimsuit Women Patchwork Belt Bow Monokini 2021 V-neck Beach Bathing Suit Swimwear, 22, 5070, 5043, 27, false, //ae01.alicdn.com/kf/Ha67745fd32854bdd84689f098f52dde31.jpg_350x350.jpg, //aliexpress.ru/item/32861966259.html?gps-id=5547572&scm=1007.19201.130907.0&scm_id=1007.19201.130907.0&scm-url=1007.19201.130907.0&pvid=5a9956ab-1667-4b3b-b835-4515c9b9b9de, {"all":{"pvid":"5a9956ab-1667-4b3b-b835-4515c9b9b9de","scm-cnt":"1007.19201.130907.0","gps-id":"5547572"},"pvid":"5a9956ab-1667-4b3b-b835-4515c9b9b9de","scm-cnt":"1007.19201.130907.0","gps-id":"5547572"}, null, 956, 99.0, 5.0, 263, http://ae01.alicdn.com/kf/H3b304b4a81654b9bac5174e945361698e.png, 18, 43, 1522738800, 
32861966259, 206046185, US $16.99, US $16.99, 1904931418, 1615190400, 1615622399, 1, Cupshe Orange And White Colorblock One-piece Swimsuit Women Patchwork Belt Bow Monokini 2021 V-neck Beach Bathing Suit Swimwear, 22, 5070, 5043, 27, false, //ae01.alicdn.com/kf/Ha67745fd32854bdd84689f098f52dde31.jpg_350x350.jpg, //aliexpress.ru/item/32861966259.html?gps-id=5547572&scm=1007.19201.130907.0&scm_id=1007.19201.130907.0&scm-url=1007.19201.130907.0&pvid=7ce1169a-4e13-455c-8954-755f0cbae882, {"all":{"pvid":"7ce1169a-4e13-455c-8954-755f0cbae882","scm-cnt":"1007.19201.130907.0","gps-id":"5547572"},"pvid":"7ce1169a-4e13-455c-8954-755f0cbae882","scm-cnt":"1007.19201.130907.0","gps-id":"5547572"}, null, 956, 99.0, 5.0, 263, http://ae01.alicdn.com/kf/H3b304b4a81654b9bac5174e945361698e.png, 18, 43, 1522738800, 
32861966259, 206046185, US $16.99, US $16.99, 1904931418, 1615190400, 1615622399, 1, Cupshe Orange And White Colorblock One-piece Swimsuit Women Patchwork Belt Bow Monokini 2021 V-neck Beach Bathing Suit Swimwear, 22, 5070, 5043, 27, false, //ae01.alicdn.com/kf/Ha67745fd32854bdd84689f098f52dde31.jpg_350x350.jpg, //aliexpress.ru/item/32861966259.html?gps-id=5547572&scm=1007.19201.130907.0&scm_id=1007.19201.130907.0&scm-url=1007.19201.130907.0&pvid=0d93f426-79d3-4ed2-b022-0f8248c798d1, {"all":{"pvid":"0d93f426-79d3-4ed2-b022-0f8248c798d1","scm-cnt":"1007.19201.130907.0","gps-id":"5547572"},"pvid":"0d93f426-79d3-4ed2-b022-0f8248c798d1","scm-cnt":"1007.19201.130907.0","gps-id":"5547572"}, null, 956, 99.0, 5.0, 263, http://ae01.alicdn.com/kf/H3b304b4a81654b9bac5174e945361698e.png, 18, 43, 1522738800, 
32861966259, 206046185, US $16.99, US $16.99, 1904931418, 1615190400, 1615622399, 1, Cupshe Orange And White Colorblock One-piece Swimsuit Women Patchwork Belt Bow Monokini 2021 V-neck Beach Bathing Suit Swimwear, 22, 5070, 5043, 27, false, //ae01.alicdn.com/kf/Ha67745fd32854bdd84689f098f52dde31.jpg_350x350.jpg, //aliexpress.ru/item/32861966259.html?gps-id=5547572&scm=1007.19201.130907.0&scm_id=1007.19201.130907.0&scm-url=1007.19201.130907.0&pvid=d0590dec-f2c1-4b03-9616-d7ae1cb53ff3, {"all":{"pvid":"d0590dec-f2c1-4b03-9616-d7ae1cb53ff3","scm-cnt":"1007.19201.130907.0","gps-id":"5547572"},"pvid":"d0590dec-f2c1-4b03-9616-d7ae1cb53ff3","scm-cnt":"1007.19201.130907.0","gps-id":"5547572"}, null, 956, 99.0, 5.0, 263, http://ae01.alicdn.com/kf/H3b304b4a81654b9bac5174e945361698e.png, 18, 43, 1522738800, 
32861966259, 206046185, US $16.99, US $16.99, 1904931418, 1615190400, 1615622399, 1, Cupshe Orange And White Colorblock One-piece Swimsuit Women Patchwork Belt Bow Monokini 2021 V-neck Beach Bathing Suit Swimwear, 22, 5070, 5043, 27, false, //ae01.alicdn.com/kf/Ha67745fd32854bdd84689f098f52dde31.jpg_350x350.jpg, //aliexpress.ru/item/32861966259.html?gps-id=5547572&scm=1007.19201.130907.0&scm_id=1007.19201.130907.0&scm-url=1007.19201.130907.0&pvid=3832b319-d8c5-4393-8067-25e6d31ab642, {"all":{"pvid":"3832b319-d8c5-4393-8067-25e6d31ab642","scm-cnt":"1007.19201.130907.0","gps-id":"5547572"},"pvid":"3832b319-d8c5-4393-8067-25e6d31ab642","scm-cnt":"1007.19201.130907.0","gps-id":"5547572"}, null, 956, 99.0, 5.0, 263, http://ae01.alicdn.com/kf/H3b304b4a81654b9bac5174e945361698e.png, 18, 43, 1522738800, 
32861966259, 206046185, US $16.99, US $16.99, 1904931418, 1615190400, 1615622399, 1, Cupshe Orange And White Colorblock One-piece Swimsuit Women Patchwork Belt Bow Monokini 2021 V-neck Beach Bathing Suit Swimwear, 22, 5070, 5043, 27, false, //ae01.alicdn.com/kf/Ha67745fd32854bdd84689f098f52dde31.jpg_350x350.jpg, //aliexpress.ru/item/32861966259.html?gps-id=5547572&scm=1007.19201.130907.0&scm_id=1007.19201.130907.0&scm-url=1007.19201.130907.0&pvid=cbe160f4-fbf6-44df-9934-be859ebe0b00, {"all":{"pvid":"cbe160f4-fbf6-44df-9934-be859ebe0b00","scm-cnt":"1007.19201.130907.0","gps-id":"5547572"},"pvid":"cbe160f4-fbf6-44df-9934-be859ebe0b00","scm-cnt":"1007.19201.130907.0","gps-id":"5547572"}, null, 956, 99.0, 5.0, 263, http://ae01.alicdn.com/kf/H3b304b4a81654b9bac5174e945361698e.png, 18, 43, 1522738800, 
32861966259, 206046185, US $16.99, US $16.99, 1904931418, 1615190400, 1615622399, 1, Cupshe Orange And White Colorblock One-piece Swimsuit Women Patchwork Belt Bow Monokini 2021 V-neck Beach Bathing Suit Swimwear, 22, 5070, 5043, 27, false, //ae01.alicdn.com/kf/Ha67745fd32854bdd84689f098f52dde31.jpg_350x350.jpg, //aliexpress.ru/item/32861966259.html?gps-id=5547572&scm=1007.19201.130907.0&scm_id=1007.19201.130907.0&scm-url=1007.19201.130907.0&pvid=bb228546-3c5e-454f-b70c-889ba5cc3316, {"all":{"pvid":"bb228546-3c5e-454f-b70c-889ba5cc3316","scm-cnt":"1007.19201.130907.0","gps-id":"5547572"},"pvid":"bb228546-3c5e-454f-b70c-889ba5cc3316","scm-cnt":"1007.19201.130907.0","gps-id":"5547572"}, null, 956, 99.0, 5.0, 263, http://ae01.alicdn.com/kf/H3b304b4a81654b9bac5174e945361698e.png, 18, 43, 1522738800, 
32861966259, 206046185, US $16.99, US $16.99, 1904931418, 1615190400, 1615622399, 1, Cupshe Orange And White Colorblock One-piece Swimsuit Women Patchwork Belt Bow Monokini 2021 V-neck Beach Bathing Suit Swimwear, 22, 5070, 5043, 27, false, //ae01.alicdn.com/kf/Ha67745fd32854bdd84689f098f52dde31.jpg_350x350.jpg, //aliexpress.ru/item/32861966259.html?gps-id=5547572&scm=1007.19201.130907.0&scm_id=1007.19201.130907.0&scm-url=1007.19201.130907.0&pvid=15ea18d6-06aa-424d-a05a-54f1eeeb0fdf, {"all":{"pvid":"15ea18d6-06aa-424d-a05a-54f1eeeb0fdf","scm-cnt":"1007.19201.130907.0","gps-id":"5547572"},"pvid":"15ea18d6-06aa-424d-a05a-54f1eeeb0fdf","scm-cnt":"1007.19201.130907.0","gps-id":"5547572"}, null, 956, 99.0, 5.0, 263, http://ae01.alicdn.com/kf/H3b304b4a81654b9bac5174e945361698e.png, 18, 43, 1522738800, 
32861966259, 206046185, US $16.99, US $16.99, 1904931418, 1615190400, 1615622399, 1, Cupshe Orange And White Colorblock One-piece Swimsuit Women Patchwork Belt Bow Monokini 2021 V-neck Beach Bathing Suit Swimwear, 22, 5070, 5043, 27, false, //ae01.alicdn.com/kf/Ha67745fd32854bdd84689f098f52dde31.jpg_350x350.jpg, //aliexpress.ru/item/32861966259.html?gps-id=5547572&scm=1007.19201.130907.0&scm_id=1007.19201.130907.0&scm-url=1007.19201.130907.0&pvid=18a95333-db08-4242-8018-fd840d95e021, {"all":{"pvid":"18a95333-db08-4242-8018-fd840d95e021","scm-cnt":"1007.19201.130907.0","gps-id":"5547572"},"pvid":"18a95333-db08-4242-8018-fd840d95e021","scm-cnt":"1007.19201.130907.0","gps-id":"5547572"}, null, 956, 99.0, 5.0, 263, http://ae01.alicdn.com/kf/H3b304b4a81654b9bac5174e945361698e.png, 18, 43, 1522738800, 
